"situation","Date","pla","somupvtsem","laimax","laisen_n","hauteur","raint","trg_n","ilevs","iamfs","ilaxs","densite","demande","codebbch_output","masec_n","masecveg","masec_kg_ha","mafeuil_kg_ha","matigestruc_kg_ha","QNfeuilleres","QNtige","Plant","algorithm"
"maize_BEOU_monocrop",2018-05-15,"mai",0,0,0,0,0,23.1,181,210,237,6,0,-1,0,0,0,0,0,0,0,"plant_1","2.5D"
"maize_BEOU_monocrop",2018-05-15,"mai",0,0,0,0,0,23.1,181,210,237,6,0,-1,0,0,0,0,0,0,0,"plant_1","Beer"
"maize_BEOU_monocrop",2018-05-16,"mai",0,0,0,0,0,20.7,181,210,237,6,0,-1,0,0,0,0,0,0,0,"plant_1","2.5D"
"maize_BEOU_monocrop",2018-05-16,"mai",0,0,0,0,0,20.7,181,210,237,6,0,-1,0,0,0,0,0,0,0,"plant_1","Beer"
"maize_BEOU_monocrop",2018-05-17,"mai",0,0,0,0,0,20.6,181,210,237,6,0,-1,0,0,0,0,0,0,0,"plant_1","2.5D"
"maize_BEOU_monocrop",2018-05-17,"mai",0,0,0,0,0,20.6,181,210,237,6,0,-1,0,0,0,0,0,0,0,"plant_1","Beer"
"maize_BEOU_monocrop",2018-05-18,"mai",0,0,0,0,0,18.1,181,210,237,6,0,-1,0,0,0,0,0,0,0,"plant_1","2.5D"
"maize_BEOU_monocrop",2018-05-18,"mai",0,0,0,0,0,18.1,181,210,237,6,0,-1,0,0,0,0,0,0,0,"plant_1","Beer"
"maize_BEOU_monocrop",2018-05-19,"mai",0,0,0,0,0,20.8,181,210,237,6,0,-1,0,0,0,0,0,0,0,"plant_1","2.5D"
"maize_BEOU_monocrop",2018-05-19,"mai",0,0,0,0,0,20.8,181,210,237,6,0,-1,0,0,0,0,0,0,0,"plant_1","Beer"
"maize_BEOU_monocrop",2018-05-20,"mai",0,0,0,0,0,19.4,181,210,237,6,0,-1,0,0,0,0,0,0,0,"plant_1","2.5D"
"maize_BEOU_monocrop",2018-05-20,"mai",0,0,0,0,0,19.4,181,210,237,6,0,-1,0,0,0,0,0,0,0,"plant_1","Beer"
"maize_BEOU_monocrop",2018-05-21,"mai",0,0,0,0,0,14.3,181,210,237,6,0,-1,0,0,0,0,0,0,0,"plant_1","2.5D"
"maize_BEOU_monocrop",2018-05-21,"mai",0,0,0,0,0,14.3,181,210,237,6,0,-1,0,0,0,0,0,0,0,"plant_1","Beer"
"maize_BEOU_monocrop",2018-05-22,"mai",0,0,0,0,0,22,181,210,237,6,0,-1,0,0,0,0,0,0,0,"plant_1","2.5D"
"maize_BEOU_monocrop",2018-05-22,"mai",0,0,0,0,0,22,181,210,237,6,0,-1,0,0,0,0,0,0,0,"plant_1","Beer"
"maize_BEOU_monocrop",2018-05-23,"mai",0,0,0,0,0,19.3,181,210,237,6,0,-1,0,0,0,0,0,0,0,"plant_1","2.5D"
"maize_BEOU_monocrop",2018-05-23,"mai",0,0,0,0,0,19.3,181,210,237,6,0,-1,0,0,0,0,0,0,0,"plant_1","Beer"
"maize_BEOU_monocrop",2018-05-24,"mai",0,0,0,0,0,21.9,181,210,237,6,0,-1,0,0,0,0,0,0,0,"plant_1","2.5D"
"maize_BEOU_monocrop",2018-05-24,"mai",0,0,0,0,0,21.9,181,210,237,6,0,-1,0,0,0,0,0,0,0,"plant_1","Beer"
"maize_BEOU_monocrop",2018-05-25,"mai",0,0,0,0,0,20.2,181,210,237,6,0,-1,0,0,0,0,0,0,0,"plant_1","2.5D"
"maize_BEOU_monocrop",2018-05-25,"mai",0,0,0,0,0,20.2,181,210,237,6,0,-1,0,0,0,0,0,0,0,"plant_1","Beer"
"maize_BEOU_monocrop",2018-05-26,"mai",0,0,0,0,0,16.9,181,210,237,6,0,-1,0,0,0,0,0,0,0,"plant_1","2.5D"
"maize_BEOU_monocrop",2018-05-26,"mai",0,0,0,0,0,16.9,181,210,237,6,0,-1,0,0,0,0,0,0,0,"plant_1","Beer"
"maize_BEOU_monocrop",2018-05-27,"mai",0,0,0,0,0,22,181,210,237,6,0,-1,0,0,0,0,0,0,0,"plant_1","2.5D"
"maize_BEOU_monocrop",2018-05-27,"mai",0,0,0,0,0,22,181,210,237,6,0,-1,0,0,0,0,0,0,0,"plant_1","Beer"
"maize_BEOU_monocrop",2018-05-28,"mai",0,0,0,0,0,15.6,181,210,237,6,0,-1,0,0,0,0,0,0,0,"plant_1","2.5D"
"maize_BEOU_monocrop",2018-05-28,"mai",0,0,0,0,0,15.6,181,210,237,6,0,-1,0,0,0,0,0,0,0,"plant_1","Beer"
"maize_BEOU_monocrop",2018-05-29,"mai",0,0,0,0,0,21.2,181,210,237,6,0,-1,0,0,0,0,0,0,0,"plant_1","2.5D"
"maize_BEOU_monocrop",2018-05-29,"mai",0,0,0,0,0,21.2,181,210,237,6,0,-1,0,0,0,0,0,0,0,"plant_1","Beer"
"maize_BEOU_monocrop",2018-05-30,"mai",0,0,0,0,0,8.9,181,210,237,6,0,-1,0,0,0,0,0,0,0,"plant_1","2.5D"
"maize_BEOU_monocrop",2018-05-30,"mai",0,0,0,0,0,8.9,181,210,237,6,0,-1,0,0,0,0,0,0,0,"plant_1","Beer"
"maize_BEOU_monocrop",2018-05-31,"mai",0,0,0,0,0,21.4,181,210,237,6,0,-1,0,0,0,0,0,0,0,"plant_1","2.5D"
"maize_BEOU_monocrop",2018-05-31,"mai",0,0,0,0,0,21.4,181,210,237,6,0,-1,0,0,0,0,0,0,0,"plant_1","Beer"
"maize_BEOU_monocrop",2018-06-01,"mai",0,0,0,0,0,12,181,210,237,6,0,-1,0,0,0,0,0,0,0,"plant_1","2.5D"
"maize_BEOU_monocrop",2018-06-01,"mai",0,0,0,0,0,12,181,210,237,6,0,-1,0,0,0,0,0,0,0,"plant_1","Beer"
"maize_BEOU_monocrop",2018-06-02,"mai",0,0,0,0,0,22.8,181,210,237,6,0,-1,0,0,0,0,0,0,0,"plant_1","2.5D"
"maize_BEOU_monocrop",2018-06-02,"mai",0,0,0,0,0,22.8,181,210,237,6,0,-1,0,0,0,0,0,0,0,"plant_1","Beer"
"maize_BEOU_monocrop",2018-06-03,"mai",0,0,0,0,0,21.6,181,210,237,6,0,-1,0,0,0,0,0,0,0,"plant_1","2.5D"
"maize_BEOU_monocrop",2018-06-03,"mai",0,0,0,0,0,21.6,181,210,237,6,0,-1,0,0,0,0,0,0,0,"plant_1","Beer"
"maize_BEOU_monocrop",2018-06-04,"mai",0,0,0,0,0,11.9,181,210,237,6,0,-1,0,0,0,0,0,0,0,"plant_1","2.5D"
"maize_BEOU_monocrop",2018-06-04,"mai",0,0,0,0,0,11.9,181,210,237,6,0,-1,0,0,0,0,0,0,0,"plant_1","Beer"
"maize_BEOU_monocrop",2018-06-05,"mai",0,0,0,0,0,15.5,181,210,237,6,0,-1,0,0,0,0,0,0,0,"plant_1","2.5D"
"maize_BEOU_monocrop",2018-06-05,"mai",0,0,0,0,0,15.5,181,210,237,6,0,-1,0,0,0,0,0,0,0,"plant_1","Beer"
"maize_BEOU_monocrop",2018-06-06,"mai",0,0,0,0,0,17.2,181,210,237,6,0,-1,0,0,0,0,0,0,0,"plant_1","2.5D"
"maize_BEOU_monocrop",2018-06-06,"mai",0,0,0,0,0,17.2,181,210,237,6,0,-1,0,0,0,0,0,0,0,"plant_1","Beer"
"maize_BEOU_monocrop",2018-06-07,"mai",0,0,0,0,0,21,181,210,237,6,0,-1,0,0,0,0,0,0,0,"plant_1","2.5D"
"maize_BEOU_monocrop",2018-06-07,"mai",0,0,0,0,0,21,181,210,237,6,0,-1,0,0,0,0,0,0,0,"plant_1","Beer"
"maize_BEOU_monocrop",2018-06-08,"mai",0,0,0,0,0,23,181,210,237,6,0,-1,0,0,0,0,0,0,0,"plant_1","2.5D"
"maize_BEOU_monocrop",2018-06-08,"mai",0,0,0,0,0,23,181,210,237,6,0,-1,0,0,0,0,0,0,0,"plant_1","Beer"
"maize_BEOU_monocrop",2018-06-09,"mai",0,0,0,0,0,18,181,210,237,6,0,-1,0,0,0,0,0,0,0,"plant_1","2.5D"
"maize_BEOU_monocrop",2018-06-09,"mai",0,0,0,0,0,18,181,210,237,6,0,-1,0,0,0,0,0,0,0,"plant_1","Beer"
"maize_BEOU_monocrop",2018-06-10,"mai",0,0,0,0,0,10.7,181,210,237,6,0,-1,0,0,0,0,0,0,0,"plant_1","2.5D"
"maize_BEOU_monocrop",2018-06-10,"mai",0,0,0,0,0,10.7,181,210,237,6,0,-1,0,0,0,0,0,0,0,"plant_1","Beer"
"maize_BEOU_monocrop",2018-06-11,"mai",0,0,0,0,0,16.3,181,210,237,6,0,-1,0,0,0,0,0,0,0,"plant_1","2.5D"
"maize_BEOU_monocrop",2018-06-11,"mai",0,0,0,0,0,16.3,181,210,237,6,0,-1,0,0,0,0,0,0,0,"plant_1","Beer"
"maize_BEOU_monocrop",2018-06-12,"mai",0,0,0,0,0,23.7,181,210,237,6,0,-1,0,0,0,0,0,0,0,"plant_1","2.5D"
"maize_BEOU_monocrop",2018-06-12,"mai",0,0,0,0,0,23.7,181,210,237,6,0,-1,0,0,0,0,0,0,0,"plant_1","Beer"
"maize_BEOU_monocrop",2018-06-13,"mai",0,0,0,0,0,19.4,181,210,237,6,0,-1,0,0,0,0,0,0,0,"plant_1","2.5D"
"maize_BEOU_monocrop",2018-06-13,"mai",0,0,0,0,0,19.4,181,210,237,6,0,-1,0,0,0,0,0,0,0,"plant_1","Beer"
"maize_BEOU_monocrop",2018-06-14,"mai",0,0,0,0,0,9.1,181,210,237,6,0,-1,0,0,0,0,0,0,0,"plant_1","2.5D"
"maize_BEOU_monocrop",2018-06-14,"mai",0,0,0,0,0,9.1,181,210,237,6,0,-1,0,0,0,0,0,0,0,"plant_1","Beer"
"maize_BEOU_monocrop",2018-06-15,"mai",0,0,0,0,0,19.4,181,210,237,6,0,-1,0,0,0,0,0,0,0,"plant_1","2.5D"
"maize_BEOU_monocrop",2018-06-15,"mai",0,0,0,0,0,19.4,181,210,237,6,0,-1,0,0,0,0,0,0,0,"plant_1","Beer"
"maize_BEOU_monocrop",2018-06-16,"mai",0,0,0,0,0,23.2,181,210,237,6,0,-1,0,0,0,0,0,0,0,"plant_1","2.5D"
"maize_BEOU_monocrop",2018-06-16,"mai",0,0,0,0,0,23.2,181,210,237,6,0,-1,0,0,0,0,0,0,0,"plant_1","Beer"
"maize_BEOU_monocrop",2018-06-17,"mai",0,0,0,0,0,20.4,181,210,237,6,0,-1,0,0,0,0,0,0,0,"plant_1","2.5D"
"maize_BEOU_monocrop",2018-06-17,"mai",0,0,0,0,0,20.4,181,210,237,6,0,-1,0,0,0,0,0,0,0,"plant_1","Beer"
"maize_BEOU_monocrop",2018-06-18,"mai",0,0,0,0,0,18.2,181,210,237,6,0,-1,0,0,0,0,0,0,0,"plant_1","2.5D"
"maize_BEOU_monocrop",2018-06-18,"mai",0,0,0,0,0,18.2,181,210,237,6,0,-1,0,0,0,0,0,0,0,"plant_1","Beer"
"maize_BEOU_monocrop",2018-06-19,"mai",0,0,0,0,0,18.5,181,210,237,6,0,-1,0,0,0,0,0,0,0,"plant_1","2.5D"
"maize_BEOU_monocrop",2018-06-19,"mai",0,0,0,0,0,18.5,181,210,237,6,0,-1,0,0,0,0,0,0,0,"plant_1","Beer"
"maize_BEOU_monocrop",2018-06-20,"mai",0,0,0,0,0,18.7,181,210,237,6,0,-1,0,0,0,0,0,0,0,"plant_1","2.5D"
"maize_BEOU_monocrop",2018-06-20,"mai",0,0,0,0,0,18.7,181,210,237,6,0,-1,0,0,0,0,0,0,0,"plant_1","Beer"
"maize_BEOU_monocrop",2018-06-21,"mai",0,0,0,0,0,19,181,210,237,6,0,-1,0,0,0,0,0,0,0,"plant_1","2.5D"
"maize_BEOU_monocrop",2018-06-21,"mai",0,0,0,0,0,19,181,210,237,6,0,-1,0,0,0,0,0,0,0,"plant_1","Beer"
"maize_BEOU_monocrop",2018-06-22,"mai",0,0,0,0,0,9.9,181,210,237,6,0,-1,0,0,0,0,0,0,0,"plant_1","2.5D"
"maize_BEOU_monocrop",2018-06-22,"mai",0,0,0,0,0,9.9,181,210,237,6,0,-1,0,0,0,0,0,0,0,"plant_1","Beer"
"maize_BEOU_monocrop",2018-06-23,"mai",0,0,0,0,0,16.3,181,210,237,6,0,-1,0,0,0,0,0,0,0,"plant_1","2.5D"
"maize_BEOU_monocrop",2018-06-23,"mai",0,0,0,0,0,16.3,181,210,237,6,0,-1,0,0,0,0,0,0,0,"plant_1","Beer"
"maize_BEOU_monocrop",2018-06-24,"mai",0,0,0,0,0,12.7,181,210,237,6,0,-1,0,0,0,0,0,0,0,"plant_1","2.5D"
"maize_BEOU_monocrop",2018-06-24,"mai",0,0,0,0,0,12.7,181,210,237,6,0,-1,0,0,0,0,0,0,0,"plant_1","Beer"
"maize_BEOU_monocrop",2018-06-25,"mai",0,0,0,0,0,21.3,181,210,237,6,0,-1,0,0,0,0,0,0,0,"plant_1","2.5D"
"maize_BEOU_monocrop",2018-06-25,"mai",0,0,0,0,0,21.3,181,210,237,6,0,-1,0,0,0,0,0,0,0,"plant_1","Beer"
"maize_BEOU_monocrop",2018-06-26,"mai",0,0,0,0,0,22.8,181,210,237,6,0,0,0,0,0,0,0,0,0,"plant_1","2.5D"
"maize_BEOU_monocrop",2018-06-26,"mai",0,0,0,0,0,22.8,181,210,237,6,0,0,0,0,0,0,0,0,0,"plant_1","Beer"
"maize_BEOU_monocrop",2018-06-27,"mai",22.25983,0,0,0,0,8.7,181,210,237,6,0,0,0,0,0,0,0,0,0,"plant_1","2.5D"
"maize_BEOU_monocrop",2018-06-27,"mai",22.25983,0,0,0,0,8.7,181,210,237,6,0,0,0,0,0,0,0,0,0,"plant_1","Beer"
"maize_BEOU_monocrop",2018-06-28,"mai",39.86983,0,0,0,0,19.3,181,210,237,6,0,0,0,0,0,0,0,0,0,"plant_1","2.5D"
"maize_BEOU_monocrop",2018-06-28,"mai",39.86983,0,0,0,0,19.3,181,210,237,6,0,0,0,0,0,0,0,0,0,"plant_1","Beer"
"maize_BEOU_monocrop",2018-06-29,"mai",61.22984,0,0,0,0,22.5,181,210,237,6,0,0,0,0,0,0,0,0,0,"plant_1","2.5D"
"maize_BEOU_monocrop",2018-06-29,"mai",61.22984,0,0,0,0,22.5,181,210,237,6,0,0,0,0,0,0,0,0,0,"plant_1","Beer"
"maize_BEOU_monocrop",2018-06-30,"mai",82.25095,2e-05,0,0.06191,0,21.1,181,210,237,6,0.01,9,0,0,1e-04,1e-04,0,0,0,"plant_1","2.5D"
"maize_BEOU_monocrop",2018-06-30,"mai",82.25095,2e-05,0,0.06191,1e-04,21.1,181,210,237,6,0.01,9,0,0,0.0036,0.0036,0,0,0,"plant_1","Beer"
"maize_BEOU_monocrop",2018-07-01,"mai",101.36095,0.00034,0,0.06853,5e-05,11.3,181,210,237,6,0.01,9,0,0,0.0017,0.0017,0,0,0,"plant_1","2.5D"
"maize_BEOU_monocrop",2018-07-01,"mai",101.36095,0.00034,0,0.06853,0.00124,11.3,181,210,237,6,0.01,9,5e-05,5e-05,0.04632,0.04632,0,0,0,"plant_1","Beer"
"maize_BEOU_monocrop",2018-07-02,"mai",120.81414,0.00076,0,0.07514,0.00015,17.4,181,210,237,6,0.01,9,1e-05,1e-05,0.007,0.007,0,0,0,"plant_1","2.5D"
"maize_BEOU_monocrop",2018-07-02,"mai",120.81438,0.00076,0,0.07514,0.00422,17.4,181,210,237,6,0.01,9,0.00019,0.00019,0.19169,0.19169,0,0,0,"plant_1","Beer"
"maize_BEOU_monocrop",2018-07-03,"mai",141.72414,0.00133,0,0.0825,0.00034,22.6,181,210,237,6,0.01,9,2e-05,2e-05,0.01882,0.01882,0,0,0,"plant_1","2.5D"
"maize_BEOU_monocrop",2018-07-03,"mai",141.72438,0.00133,0,0.0825,0.00957,22.6,181,210,237,6,0.01605,9,0.00052,0.00052,0.52184,0.52184,0,0,0,"plant_1","Beer"
"maize_BEOU_monocrop",2018-07-04,"mai",162.55206,0.00204,0,0.09118,0.00045,14.8,181,210,237,6,0.01,9,3e-05,3e-05,0.03446,0.03446,0,0,0,"plant_1","2.5D"
"maize_BEOU_monocrop",2018-07-04,"mai",162.55695,0.00204,0,0.09118,0.00964,14.8,181,210,237,6,0.01616,9,0.00085,0.00085,0.85428,0.81685,0.03742,0,0,"plant_1","Beer"
"maize_BEOU_monocrop",2018-07-05,"mai",181.41206,0.00283,0,0.10069,0.00091,23,181,210,237,6,0.01,9,7e-05,7e-05,0.06588,0.06588,0,0,0,"plant_1","2.5D"
"maize_BEOU_monocrop",2018-07-05,"mai",181.41695,0.00283,0,0.10069,0.02076,23,181,210,237,6,0.0348,9,0.00157,0.00157,1.5701,1.13245,0.11632,0,0,"plant_1","Beer"
"maize_BEOU_monocrop",2018-07-06,"mai",203.28529,0.00402,0,0.11009,0.00137,21.5,181,210,237,6,0.01,9,0.00011,0.00011,0.11321,0.11321,0,0,0,"plant_1","2.5D"
"maize_BEOU_monocrop",2018-07-06,"mai",203.29546,0.00402,0,0.1101,0.02753,21.5,181,210,237,6,0.04613,9,0.00252,0.00252,2.51915,1.60712,0.23499,0,0,"plant_1","Beer"
"maize_BEOU_monocrop",2018-07-07,"mai",224.9953,0.00551,0,0.12204,0.00195,18.9,181,210,237,6,0.01,9,0.00018,0.00018,0.18038,0.18038,0,0,0,"plant_1","2.5D"
"maize_BEOU_monocrop",2018-07-07,"mai",225.00546,0.00552,0,0.12205,0.03321,18.9,181,210,237,6,0.05563,9,0.00366,0.00366,3.66367,2.20617,0.38475,0,0,"plant_1","Beer"
"maize_BEOU_monocrop",2018-07-08,"mai",244.86765,0.00721,0,0.13509,0.00289,19.5,181,210,237,6,0.01,9,0.00028,0.00028,0.27997,0.27997,0,0,0,"plant_1","2.5D"
"maize_BEOU_monocrop",2018-07-08,"mai",244.88676,0.00721,0,0.1351,0.04476,19.5,181,210,237,6,0.07496,9,0.00521,0.00521,5.20587,2.88378,0.55415,0,0,"plant_1","Beer"
"maize_BEOU_monocrop",2018-07-09,"mai",266.92764,0.00963,0,0.14816,0.00472,23.3,181,210,237,6,0.01,9,0.00044,0.00044,0.44274,0.44274,0,0,0,"plant_1","2.5D"
"maize_BEOU_monocrop",2018-07-09,"mai",266.94678,0.00964,0,0.14817,0.07142,23.3,181,210,237,6,0.11954,9,0.00767,0.00767,7.66508,3.8543,0.79678,0,0,"plant_1","Beer"
"maize_BEOU_monocrop",2018-07-10,"mai",288.92078,0.01272,0,0.16402,0.00684,22.6,181,210,237,6,0.01147,9,0.00068,0.00068,0.6786,0.6786,0,0,0,"plant_1","2.5D"
"maize_BEOU_monocrop",2018-07-10,"mai",288.9563,0.01272,0,0.16403,0.09137,22.6,181,210,237,6,0.15285,9,0.01081,0.01081,10.80948,5.08876,1.1054,0,0,"plant_1","Beer"
"maize_BEOU_monocrop",2018-07-11,"mai",313.96964,0.0174,0,0.18138,0.09714,17.6,181,210,237,6,0.16248,9,0.01415,0.01415,14.152,6.95845,1.57282,0,0,"plant_1","Beer"
"maize_BEOU_monocrop",2018-07-11,"mai",313.99924,0.0174,0,0.18135,0.00887,17.6,181,210,237,6,0.01487,9,0.00098,0.00098,0.98445,0.98445,0,0,0,"plant_1","2.5D"
"maize_BEOU_monocrop",2018-07-12,"mai",336.74219,0.02281,0,0.20309,0.13941,19.3,181,210,237,6,0.23294,9,0.01894,0.01894,18.94422,9.12416,2.11425,0,0,"plant_1","Beer"
"maize_BEOU_monocrop",2018-07-12,"mai",336.7955,0.02283,0,0.20312,0.02614,19.3,181,210,237,6,0.0438,9,0.00189,0.00189,1.8856,1.8856,0,0,0,"plant_1","2.5D"
"maize_BEOU_monocrop",2018-07-13,"mai",358.03705,0.02915,0,0.22483,0.16672,18.1,181,210,237,6,0.2784,9,0.02467,0.02467,24.67154,11.6609,2.74843,0,0,"plant_1","Beer"
"maize_BEOU_monocrop",2018-07-13,"mai",358.11533,0.02918,0,0.22489,0.04841,18.1,181,210,237,6,0.08107,9,0.00355,0.00355,3.5533,3.5533,0,0,0,"plant_1","2.5D"
"maize_BEOU_monocrop",2018-07-14,"mai",382.20764,0.03862,0,0.24697,0.27362,22.5,181,210,237,6,0.45573,9,0.03405,0.03405,34.04696,15.44612,3.69474,0,0,"plant_1","Beer"
"maize_BEOU_monocrop",2018-07-14,"mai",382.3364,0.03868,0,0.24706,0.1118,22.5,181,210,237,6,0.18693,9,0.0074,0.0074,7.39892,7.39892,0,0,0,"plant_1","2.5D"
"maize_BEOU_monocrop",2018-07-15,"mai",404.38022,0.04953,0,0.27435,0.12898,8.3,181,210,237,6,0.21557,9,0.03848,0.03848,38.48182,19.813,4.78646,0,0,"plant_1","Beer"
"maize_BEOU_monocrop",2018-07-15,"mai",404.48056,0.04959,0,0.2745,0.05535,8.3,181,210,237,6,0.09268,9,0.00931,0.00931,9.3056,9.3056,0,0,0,"plant_1","2.5D"
"maize_BEOU_monocrop",2018-07-16,"mai",423.09021,0.06056,0,0.30166,0.22901,12.1,181,210,237,6,0.38254,9,0.04634,0.04634,46.33699,24.22313,5.88899,0,0,"plant_1","Beer"
"maize_BEOU_monocrop",2018-07-16,"mai",423.19055,0.06063,0,0.30179,0.11482,12.1,181,210,237,6,0.19197,9,0.01325,0.01325,13.25481,13.25481,0,0,0,"plant_1","2.5D"
"maize_BEOU_monocrop",2018-07-17,"mai",444.6207,0.0767,0,0.32642,0.31464,13.2,181,210,237,6,0.52589,9,0.05711,0.05711,57.10708,30.67864,7.50287,0,0,"plant_1","Beer"
"maize_BEOU_monocrop",2018-07-17,"mai",444.7774,0.07684,0,0.32655,0.17667,13.2,181,210,237,6,0.29494,9,0.01932,0.01932,19.32239,19.32239,0,0,0,"plant_1","2.5D"
"maize_BEOU_monocrop",2018-07-18,"mai",462.73071,0.09274,0,0.3569,0.34393,12,181,210,237,6,0.57581,9,0.06887,0.06887,68.8716,37.0941,9.10673,0,0,"plant_1","Beer"
"maize_BEOU_monocrop",2018-07-18,"mai",462.88739,0.09291,0,0.35713,0.20944,12,181,210,237,6,0.34936,9,0.02651,0.02651,26.50965,26.50965,0,0,0,"plant_1","2.5D"
"maize_BEOU_monocrop",2018-07-19,"mai",479.5907,0.11028,0,0.38422,0.67754,20,181,210,237,6,1.12357,9,0.09174,0.09174,91.74408,44.11203,10.86122,0,0,"plant_1","Beer"
"maize_BEOU_monocrop",2018-07-19,"mai",479.74738,0.11048,0,0.38447,0.45827,20,181,210,237,6,0.7565,9,0.04206,0.04206,42.06281,42.06281,0,0,0,"plant_1","2.5D"
"maize_BEOU_monocrop",2018-07-20,"mai",498.97281,0.13514,0,0.41107,0.71619,17.4,181,210,237,6,1.19616,9,0.11602,0.11602,116.02196,54.05791,13.34769,0,0,"plant_1","Beer"
"maize_BEOU_monocrop",2018-07-20,"mai",499.0878,0.13531,0,0.41133,0.50418,17.4,181,210,237,6,0.83924,9,0.05924,0.05924,59.2422,54.12524,3.01561,0,0,"plant_1","2.5D"
"maize_BEOU_monocrop",2018-07-21,"mai",519.58282,0.16761,0,0.44362,0.74712,14.8,181,210,237,6,1.25,9,0.14133,0.14133,141.32913,67.04322,16.59401,0,0,"plant_1","Beer"
"maize_BEOU_monocrop",2018-07-21,"mai",519.69781,0.16781,0,0.44382,0.54804,14.8,181,210,237,6,0.91443,9,0.0779,0.0779,77.896,67.12469,6.26547,0,0,"plant_1","2.5D"
"maize_BEOU_monocrop",2018-07-22,"mai",538.94281,0.20387,0,0.48022,1.41301,23.3,181,210,237,6,2.33417,9,0.18841,0.18841,188.41403,81.54694,20.21994,0,0,"plant_1","Beer"
"maize_BEOU_monocrop",2018-07-22,"mai",539.0578,0.20411,0,0.48043,1.11186,23.3,181,210,237,6,1.83891,9,0.11522,0.11522,115.22258,81.64364,9.89521,0,0,"plant_1","2.5D"
"maize_BEOU_monocrop",2018-07-23,"mai",559.57355,0.25065,0,0.51642,1.44563,19.7,181,210,237,6,2.393,9,0.23655,0.23655,236.54669,100.25711,24.89749,0,0,"plant_1","Beer"
"maize_BEOU_monocrop",2018-07-23,"mai",559.64355,0.25081,0,0.51664,1.16643,19.7,181,210,237,6,1.93372,9,0.15433,0.15433,154.32843,100.31724,14.56361,0,0,"plant_1","2.5D"
"maize_BEOU_monocrop",2018-07-24,"mai",581.11865,0.30955,2e-05,0.55691,1.9988,22.5,181,210,237,6,3.2734,9,0.30218,0.30218,302.18341,123.82191,30.78868,0,0,"plant_1","Beer"
"maize_BEOU_monocrop",2018-07-24,"mai",581.3028,0.31014,2e-05,0.55705,1.67827,22.5,181,210,237,6,2.75787,9,0.20988,0.20988,209.88432,124.05551,20.49817,0,0,"plant_1","2.5D"
"maize_BEOU_monocrop",2018-07-25,"mai",603.97485,0.38491,2e-05,0.60122,1.29244,12,181,210,237,6,2.1579,9,0.34538,0.34538,345.37933,153.96733,38.32504,0,0,"plant_1","Beer"
"maize_BEOU_monocrop",2018-07-25,"mai",604.10828,0.3854,2e-05,0.6016,1.09976,12,181,210,237,6,1.8371,9,0.24682,0.24682,246.81561,154.15828,28.02387,0,0,"plant_1","2.5D"
"maize_BEOU_monocrop",2018-07-26,"mai",621.58484,0.44916,2e-05,0.65033,1.77149,14.4,181,210,237,6,2.92675,9,0.40385,0.40385,403.84985,179.66663,44.74986,0,0,"plant_1","Beer"
"maize_BEOU_monocrop",2018-07-26,"mai",621.71826,0.4497,2e-05,0.65063,1.55328,14.4,181,210,237,6,2.57036,9,0.29836,0.29836,298.36368,179.88205,34.45481,0,0,"plant_1","2.5D"
"maize_BEOU_monocrop",2018-07-27,"mai",641.4212,0.53326,2e-05,0.68955,1.43477,10.1,181,210,237,6,2.39524,9,0.45163,0.45163,451.63403,213.20905,53.13547,0,0,"plant_1","Beer"
"maize_BEOU_monocrop",2018-07-27,"mai",641.51831,0.53369,2e-05,0.68986,1.27877,10.1,181,210,237,6,2.13547,9,0.34112,0.34112,341.11731,213.3445,42.82042,0,0,"plant_1","2.5D"
"maize_BEOU_monocrop",2018-07-28,"mai",659.03119,0.61515,0.00034,0.73503,3.51002,22,181,210,237,6,5.57001,9,0.56244,0.56244,562.44495,246.04565,61.34462,0,0,"plant_1","Beer"
"maize_BEOU_monocrop",2018-07-28,"mai",659.1283,0.61562,0.00034,0.73526,3.20566,22,181,210,237,6,5.11206,9,0.44313,0.44313,443.12567,246.0883,51.00637,0,0,"plant_1","2.5D"
"maize_BEOU_monocrop",2018-07-29,"mai",679.25598,0.71636,0.00076,0.77642,2.28377,12.7,181,210,237,6,4.44955,35,0.6508,0.6508,650.80151,286.65341,71.49656,0,0,"plant_1","Beer"
"maize_BEOU_monocrop",2018-07-29,"mai",679.31757,0.71664,0.00076,0.77665,2.09192,12.7,181,210,237,6,4.08129,35,0.52439,0.52439,524.39191,286.44431,61.09537,0,0,"plant_1","2.5D"
"maize_BEOU_monocrop",2018-07-30,"mai",697.47809,0.81331,0.00133,0.82496,3.18689,16.1,181,210,237,6,6.1025,35,0.77172,0.77172,771.71967,325.60104,81.23347,0,0,"plant_1","Beer"
"maize_BEOU_monocrop",2018-07-30,"mai",697.51245,0.81341,0.00133,0.82511,2.96528,16.1,181,210,237,6,5.69173,35,0.63744,0.63744,637.44476,325.10623,70.76086,0,0,"plant_1","2.5D"
"maize_BEOU_monocrop",2018-07-31,"mai",716.85211,0.92495,0.00204,0.86944,4.75981,21.9,181,210,237,6,8.82483,35,0.94613,0.94613,946.12836,370.48126,92.45352,0,0,"plant_1","Beer"
"maize_BEOU_monocrop",2018-07-31,"mai",716.85437,0.92482,0.00204,0.86953,4.49781,21.9,181,210,237,6,8.37096,35,0.80323,0.80323,803.22742,369.6665,81.90092,0,0,"plant_1","2.5D"
"maize_BEOU_monocrop",2018-08-01,"mai",735.62274,1.03967,0.00283,0.91733,3.51672,15.7,181,210,237,6,6.70202,35,0.9357,0.9357,935.70081,415.48474,93.35548,0,0,"plant_1","2.5D"
"maize_BEOU_monocrop",2018-08-01,"mai",735.65027,1.04004,0.00283,0.91732,3.7023,15.7,181,210,237,6,4.24511,35,1.08502,1.08502,1085.02466,416.73694,104.01744,0,0,"plant_1","Beer"
"maize_BEOU_monocrop",2018-08-02,"mai",754.68024,1.16329,0.00402,0.96407,3.98652,16.4,181,210,237,6,4.54345,35,1.08432,1.08432,1084.323,464.86224,105.69986,0,0,"plant_1","2.5D"
"maize_BEOU_monocrop",2018-08-02,"mai",754.73242,1.16388,0.00402,0.96414,4.16723,16.4,181,210,237,6,4.50162,35,1.23976,1.23976,1239.7616,466.62894,116.49045,0,0,"plant_1","Beer"
"maize_BEOU_monocrop",2018-08-03,"mai",773.68823,1.29302,0.00551,1.0117,4.42165,16.9,181,210,237,6,4.73838,35,1.24758,1.24758,1247.57703,516.7561,118.67332,0,0,"plant_1","2.5D"
"maize_BEOU_monocrop",2018-08-03,"mai",773.76074,1.29382,0.00552,1.01183,4.59093,16.9,181,210,237,6,4.68583,35,1.40862,1.40862,1408.62292,519.06592,129.59969,0,0,"plant_1","Beer"
"maize_BEOU_monocrop",2018-08-04,"mai",794.2558,1.4421,0.00721,1.05915,2.79685,10,181,210,237,6,3.01308,35,1.3546,1.3546,1354.59814,576.22327,133.54012,0,0,"plant_1","2.5D"
"maize_BEOU_monocrop",2018-08-04,"mai",794.3493,1.44311,0.00721,1.05933,2.89946,10,181,210,237,6,2.98712,35,1.51932,1.51932,1519.32434,579.26917,144.6505,0,0,"plant_1","Beer"
"maize_BEOU_monocrop",2018-08-05,"mai",812.04785,1.57303,0.00963,1.11019,6.8286,22.9,181,210,237,6,6.3235,35,1.59309,1.59309,1593.09131,628.52258,146.61494,0,0,"plant_1","2.5D"
"maize_BEOU_monocrop",2018-08-05,"mai",812.15546,1.57421,0.00964,1.11042,6.9732,22.9,181,210,237,6,6.19985,35,1.76204,1.76204,1762.03931,632.43219,157.94125,0,0,"plant_1","Beer"
"maize_BEOU_monocrop",2018-08-06,"mai",831.68866,1.72474,0.01272,1.15389,5.93157,18.9,181,210,237,6,5.35738,35,1.80469,1.80469,1804.68909,688.80872,161.68648,0,0,"plant_1","2.5D"
"maize_BEOU_monocrop",2018-08-06,"mai",831.80878,1.72608,0.01272,1.15415,6.04393,18.9,181,210,237,6,5.26393,35,1.97708,1.97708,1977.08386,694.03979,173.34317,0,0,"plant_1","Beer"
"maize_BEOU_monocrop",2018-08-07,"mai",852.35101,1.88968,0.0174,1.20143,3.54863,10.8,181,210,237,6,3.29393,35,1.93827,1.93827,1938.27087,755.21027,178.28687,0,0,"plant_1","2.5D"
"maize_BEOU_monocrop",2018-08-07,"mai",852.48218,1.89118,0.0174,1.20172,3.61424,10.8,181,210,237,6,3.24474,35,2.11294,2.11294,2112.9397,761.51776,190.21265,0,0,"plant_1","Beer"
"maize_BEOU_monocrop",2018-08-08,"mai",870.26648,2.03283,0.02283,1.25044,6.24681,18.2,181,210,237,6,5.24088,35,2.15948,2.15948,2159.47998,814.63855,193.14394,0,0,"plant_1","2.5D"
"maize_BEOU_monocrop",2018-08-08,"mai",870.40594,2.03446,0.02281,1.25074,6.30142,18.2,181,210,237,6,5.12886,35,2.3358,2.3358,2335.79932,820.99347,205.08159,0,0,"plant_1","Beer"
"maize_BEOU_monocrop",2018-08-09,"mai",889.55444,2.19832,0.02283,1.29192,7.64529,21.4,181,210,237,6,5.9476,35,2.42138,2.42138,2421.37964,879.62732,209.39113,0,0,"plant_1","2.5D"
"maize_BEOU_monocrop",2018-08-09,"mai",889.69867,2.20004,0.02281,1.29224,7.66644,21.4,181,210,237,6,5.80749,35,2.59829,2.59829,2598.28906,886.71753,221.5126,0,0,"plant_1","Beer"
"maize_BEOU_monocrop",2018-08-10,"mai",910.71564,2.3798,0.02918,1.33539,6.47175,17.5,181,210,237,6,5.00773,35,2.64936,2.64936,2649.35718,954.00256,227.98494,0,0,"plant_1","2.5D"
"maize_BEOU_monocrop",2018-08-10,"mai",910.86182,2.38159,0.02915,1.33571,6.47345,17.5,181,210,237,6,4.89043,35,2.82632,2.82632,2826.31714,961.11932,240.11304,0,0,"plant_1","Beer"
"maize_BEOU_monocrop",2018-08-11,"mai",930.63715,2.54939,0.03868,1.38148,5.06273,13.3,181,210,237,6,3.94757,35,2.8336,2.8336,2833.59717,1025.63721,245.89359,0,0,"plant_1","2.5D"
"maize_BEOU_monocrop",2018-08-11,"mai",930.78345,2.55125,0.03862,1.38179,5.04804,13.3,181,210,237,6,3.85038,35,3.01008,3.01008,3010.08398,1032.76782,258.02518,0,0,"plant_1","Beer"
"maize_BEOU_monocrop",2018-08-12,"mai",950.89215,2.73488,0.03868,1.42321,7.13803,18.2,181,210,237,6,5.14153,35,3.08111,3.08111,3081.11328,1096.99451,263.73291,0,0,"plant_1","2.5D"
"maize_BEOU_monocrop",2018-08-12,"mai",951.03668,2.73676,0.03862,1.42351,7.07727,18.2,181,210,237,6,5.00201,35,3.25585,3.25585,3255.84863,1106.09631,276.3573,0,0,"plant_1","Beer"
"maize_BEOU_monocrop",2018-08-13,"mai",970.57031,2.90611,0.04959,1.46387,8.79462,21.9,181,210,237,6,5.88351,35,3.37403,3.37403,3374.02783,1168.59717,281.63358,0,0,"plant_1","2.5D"
"maize_BEOU_monocrop",2018-08-13,"mai",970.70996,2.90796,0.04953,1.46415,8.68212,21.9,181,210,237,6,5.71842,35,3.54582,3.54582,3545.82349,1178.06189,294.34869,0,0,"plant_1","Beer"
"maize_BEOU_monocrop",2018-08-14,"mai",990.18286,3.07871,0.06063,1.50159,8.39856,20.5,181,210,237,6,5.50749,35,3.6565,3.6565,3656.50098,1240.42004,299.58926,0,0,"plant_1","2.5D"
"maize_BEOU_monocrop",2018-08-14,"mai",990.31372,3.08049,0.06056,1.50185,8.26599,20.5,181,210,237,6,5.34845,35,3.82474,3.82474,3824.74414,1250.19543,312.38208,0,0,"plant_1","Beer"
"maize_BEOU_monocrop",2018-08-15,"mai",1010.28522,3.25321,0.07684,1.53737,4.88135,11.7,181,210,237,6,3.41703,35,3.83487,3.83487,3834.8728,1315.41772,318.33871,0,0,"plant_1","2.5D"
"maize_BEOU_monocrop",2018-08-15,"mai",1010.40533,3.25497,0.0767,1.53761,4.78866,11.7,181,210,237,6,3.30715,35,4.0001,4.0001,4000.09595,1325.15637,331.12231,0,0,"plant_1","Beer"
"maize_BEOU_monocrop",2018-08-16,"mai",1030.84766,3.43446,0.09291,1.57215,10.17115,24,181,210,237,6,6.0808,35,4.16206,4.16206,4162.05859,1392.94067,337.71945,0,0,"plant_1","2.5D"
"maize_BEOU_monocrop",2018-08-16,"mai",1030.95947,3.43617,0.09274,1.57235,9.95645,24,181,210,237,6,5.90229,35,4.32214,4.32214,4322.14258,1402.65137,350.49606,0,0,"plant_1","Beer"
"maize_BEOU_monocrop",2018-08-17,"mai",1052.01855,3.62228,0.11048,1.60571,9.37867,21.8,181,210,237,6,5.57215,35,4.4699,4.4699,4469.89697,1473.10901,357.76154,0,0,"plant_1","2.5D"
"maize_BEOU_monocrop",2018-08-17,"mai",1052.11633,3.62388,0.11028,1.60589,9.15422,21.8,181,210,237,6,5.40125,35,4.62431,4.62431,4624.3125,1482.76123,370.52353,0,0,"plant_1","Beer"
"maize_BEOU_monocrop",2018-08-18,"mai",1074.12732,3.81436,0.13531,1.63815,6.76949,15.5,181,210,237,6,4.20519,35,4.7067,4.7067,4706.6958,1557.27344,378.80261,0,0,"plant_1","2.5D"
"maize_BEOU_monocrop",2018-08-18,"mai",1074.20618,3.81573,0.13514,1.63829,6.57902,15.5,181,210,237,6,4.05827,35,4.85548,4.85548,4855.48486,1566.85046,391.54584,0,0,"plant_1","Beer"
"maize_BEOU_monocrop",2018-08-19,"mai",1093.88953,3.97444,0.16781,1.66977,7.80727,17.7,181,210,237,6,4.63551,65,4.9731,4.9731,4973.09863,1631.40369,397.33521,0,0,"plant_1","2.5D"
"maize_BEOU_monocrop",2018-08-19,"mai",1093.95203,3.97568,0.16761,1.66987,7.57196,17.7,181,210,237,6,4.4745,65,5.11533,5.11533,5115.33154,1640.91492,410.06195,0,0,"plant_1","Beer"
"maize_BEOU_monocrop",2018-08-20,"mai",1112.35376,4.11739,0.20411,1.69612,9.10729,20.5,181,210,237,6,5.12443,65,5.27407,5.27407,5274.07275,1699.3645,414.32541,0,0,"plant_1","2.5D"
"maize_BEOU_monocrop",2018-08-20,"mai",1112.39832,4.11847,0.20387,1.6962,8.82479,20.5,181,210,237,6,4.95403,65,5.40903,5.40903,5409.03076,1708.79248,427.03134,0,0,"plant_1","Beer"
"maize_BEOU_monocrop",2018-08-21,"mai",1132.63025,4.27042,0.25081,1.71915,6.11087,13.6,181,210,237,6,3.64142,65,5.49116,5.49116,5491.16064,1774.51001,433.11179,0,0,"plant_1","2.5D"
"maize_BEOU_monocrop",2018-08-21,"mai",1132.65283,4.27118,0.25065,1.7192,5.88968,13.6,181,210,237,6,3.49769,65,5.61934,5.61934,5619.33838,1783.8772,445.80255,0,0,"plant_1","Beer"
"maize_BEOU_monocrop",2018-08-22,"mai",1152.56287,4.40862,0.30956,1.74277,5.70071,13.1,181,210,237,6,3.35562,65,5.82379,5.82379,5823.78857,1856.38904,463.93048,0,0,"plant_1","Beer"
"maize_BEOU_monocrop",2018-08-22,"mai",1152.56323,4.40768,0.31015,1.74275,5.93014,13.1,181,210,237,6,3.4993,65,5.70271,5.70271,5702.71484,1847.13025,451.26685,0,0,"plant_1","2.5D"
"maize_BEOU_monocrop",2018-08-23,"mai",1171.99158,4.52483,0.38493,1.76427,7.60025,17.4,181,210,237,6,4.2091,65,6.08443,6.08443,6084.42822,1927.87903,481.80298,0,0,"plant_1","Beer"
"maize_BEOU_monocrop",2018-08-23,"mai",1172.01135,4.52421,0.38541,1.76427,7.8991,17.4,181,210,237,6,4.37326,65,5.97165,5.97165,5971.65088,1918.70032,469.15936,0,0,"plant_1","2.5D"
"maize_BEOU_monocrop",2018-08-24,"mai",1192.39954,4.66339,0.44917,1.78373,10.04328,22.9,181,210,237,6,5.13493,65,6.40856,6.40856,6408.5625,2002.27478,500.40192,0,0,"plant_1","Beer"
"maize_BEOU_monocrop",2018-08-24,"mai",1192.41602,4.66267,0.44972,1.78375,10.41364,22.9,181,210,237,6,5.3058,65,6.30455,6.30455,6304.5498,1993.0907,487.75696,0,0,"plant_1","2.5D"
"maize_BEOU_monocrop",2018-08-25,"mai",1214.68066,4.66339,0.53327,1.80264,9.27531,21.2,181,210,237,6,4.75304,65,6.7138,6.7138,6713.80078,1995.69739,500.40192,0,0,"plant_1","Beer"
"maize_BEOU_monocrop",2018-08-25,"mai",1214.71912,4.66267,0.5337,1.80266,9.63987,21.2,181,210,237,6,4.92046,65,6.61888,6.61888,6618.87939,1986.5094,487.75696,0,0,"plant_1","2.5D"
"maize_BEOU_monocrop",2018-08-26,"mai",1234.73914,4.66339,0.61549,1.82159,3.44771,7.9,181,210,237,6,2.01108,65,6.84387,6.84387,6843.87158,1987.56677,500.40192,0,0,"plant_1","Beer"
"maize_BEOU_monocrop",2018-08-26,"mai",1234.80176,4.66267,0.61597,1.82162,3.62557,7.9,181,210,237,6,2.11678,65,6.75513,6.75513,6755.12695,1978.39478,487.75696,0,0,"plant_1","2.5D"
"maize_BEOU_monocrop",2018-08-27,"mai",1251.1925,4.66339,0.71712,1.83723,7.43808,17.1,181,210,237,6,3.86982,65,7.09755,7.09755,7097.5542,1979.76587,500.40192,0,0,"plant_1","Beer"
"maize_BEOU_monocrop",2018-08-27,"mai",1251.27454,4.66267,0.7174,1.83728,7.7731,17.1,181,210,237,6,4.02927,65,7.01816,7.01816,7018.16455,1970.60779,487.75696,0,0,"plant_1","2.5D"
"maize_BEOU_monocrop",2018-08-28,"mai",1271.07263,4.66339,0.81463,1.84912,3.38123,7.8,181,210,237,6,1.93593,71,7.2253,7.2253,7225.30273,1970.7771,500.40192,0,0,"plant_1","Beer"
"maize_BEOU_monocrop",2018-08-28,"mai",1271.17957,4.66267,0.81474,1.84917,3.55584,7.8,181,210,237,6,2.03579,71,7.152,7.152,7151.99707,1961.63745,487.75696,0,0,"plant_1","2.5D"
"maize_BEOU_monocrop",2018-08-29,"mai",1288.01648,4.66339,0.92699,1.86241,6.12941,14.2,181,210,237,6,3.24827,71,7.44201,7.35374,7442.00684,1961.50684,500.40192,0,0,"plant_1","Beer"
"maize_BEOU_monocrop",2018-08-29,"mai",1288.14258,4.66267,0.92687,1.86248,6.42146,14.2,181,210,237,6,3.39135,71,7.37752,7.28992,7377.51855,1952.38647,487.75696,0,0,"plant_1","2.5D"
"maize_BEOU_monocrop",2018-08-30,"mai",1307.94653,4.66339,1.04287,1.87288,8.63478,20.1,181,210,237,6,3.49945,71,7.67818,7.48,7678.18262,1951.50464,500.40192,0,0,"plant_1","Beer"
"maize_BEOU_monocrop",2018-08-30,"mai",1308.09424,4.66267,1.0425,1.87295,9.00174,20.1,181,210,237,6,3.6177,71,7.621,7.42407,7621.00049,1942.40186,487.75696,0,0,"plant_1","2.5D"
"maize_BEOU_monocrop",2018-08-31,"mai",1327.58569,4.66339,1.1679,1.88424,4.44262,10.4,181,210,237,6,2.01541,71,7.81509,7.50594,7815.09375,1940.99011,500.40192,0,0,"plant_1","Beer"
"maize_BEOU_monocrop",2018-08-31,"mai",1327.75977,4.66267,1.16731,1.88432,4.66677,10.4,181,210,237,6,2.10948,71,7.76395,7.45645,7763.9541,1931.90356,487.75696,0,0,"plant_1","2.5D"
"maize_BEOU_monocrop",2018-09-01,"mai",1344.81738,4.66339,1.29933,1.89449,8.36063,19.7,181,210,237,6,3.35018,71,8.04513,7.62983,8045.13477,1928.91064,500.40192,0,0,"plant_1","Beer"
"maize_BEOU_monocrop",2018-09-01,"mai",1345.01331,4.66267,1.29854,1.89458,8.71951,19.7,181,210,237,6,3.46383,71,8.00132,7.58778,8001.31885,1919.84216,487.75696,0,0,"plant_1","2.5D"
"maize_BEOU_monocrop",2018-09-02,"mai",1365.19751,4.66339,1.45032,1.90278,5.68181,13.5,181,210,237,6,2.44635,71,8.21441,7.67319,8214.41309,1918.22864,500.40192,0,0,"plant_1","Beer"
"maize_BEOU_monocrop",2018-09-02,"mai",1365.41479,4.66267,1.44931,1.90287,5.95651,13.5,181,210,237,6,2.54933,71,8.17743,7.63801,8177.4292,1909.17346,487.75696,0,0,"plant_1","2.5D"
"maize_BEOU_monocrop",2018-09-03,"mai",1384.62988,4.66339,1.58385,1.91178,7.806,18.7,181,210,237,6,3.13221,71,8.43327,7.76291,8433.26855,1905.83228,500.40192,0,0,"plant_1","Beer"
"maize_BEOU_monocrop",2018-09-03,"mai",1384.86951,4.66267,1.58266,1.91187,8.14842,18.7,181,210,237,6,3.24082,71,8.40358,7.7348,8403.5791,1896.79004,487.75696,0,0,"plant_1","2.5D"
"maize_BEOU_monocrop",2018-09-04,"mai",1405.38513,4.66339,1.7388,1.91962,9.16893,22.2,181,210,237,6,3.49375,71,8.68001,7.86392,8680.00488,1892.25024,500.40192,0,0,"plant_1","Beer"
"maize_BEOU_monocrop",2018-09-04,"mai",1405.65088,4.66267,1.73746,1.91971,9.54376,22.2,181,210,237,6,3.59816,71,8.65744,7.84252,8657.44434,1883.21997,487.75696,0,0,"plant_1","2.5D"
"maize_BEOU_monocrop",2018-09-05,"mai",1425.41064,4.66339,1.90858,1.92726,7.78497,19.1,181,210,237,6,3.06423,71,8.89841,7.93705,8898.40723,1892.25024,500.40192,0,0,"plant_1","Beer"
"maize_BEOU_monocrop",2018-09-05,"mai",1425.69946,4.66267,1.90708,1.92735,8.12442,19.1,181,210,237,6,3.16787,71,8.88309,7.92226,8883.08887,1883.21997,487.75696,0,0,"plant_1","2.5D"
"maize_BEOU_monocrop",2018-09-06,"mai",1445.85742,4.66339,1.90858,1.93396,9.37457,23,181,210,237,6,3.48108,71,9.14908,8.0297,9149.08301,1880.35498,500.40192,0,0,"plant_1","Beer"
"maize_BEOU_monocrop",2018-09-06,"mai",1446.17114,4.66267,1.90708,1.93405,9.75205,23,181,210,237,6,3.58019,71,9.14082,8.02112,9140.81543,1871.33435,487.75696,0,0,"plant_1","2.5D"
"maize_BEOU_monocrop",2018-09-07,"mai",1465.67188,4.66339,2.05727,1.94019,8.0456,20,181,210,237,6,3.08264,71,9.37306,8.09627,9373.06348,1880.35498,500.40192,0,0,"plant_1","Beer"
"maize_BEOU_monocrop",2018-09-07,"mai",1466.00867,4.66267,2.05565,1.94028,8.39065,20,181,210,237,6,3.18204,71,9.37201,8.09385,9372.00781,1871.33435,487.75696,0,0,"plant_1","2.5D"
"maize_BEOU_monocrop",2018-09-08,"mai",1487.51123,4.66339,2.05727,1.94567,7.3215,18.2,181,210,237,6,2.84233,71,9.58127,8.12964,9581.26758,1867.10864,500.40192,0,0,"plant_1","Beer"
"maize_BEOU_monocrop",2018-09-08,"mai",1487.87268,4.66267,2.05565,1.94576,7.64688,18.2,181,210,237,6,2.93987,71,9.58741,8.13314,9587.4082,1858.09497,487.75696,0,0,"plant_1","2.5D"
"maize_BEOU_monocrop",2018-09-09,"mai",1506.1593,4.66339,2.22285,1.95116,4.47117,11.3,181,210,237,6,1.86973,71,9.71895,8.1196,9718.95215,1867.10864,500.40192,0,0,"plant_1","Beer"
"maize_BEOU_monocrop",2018-09-09,"mai",1506.54578,4.66267,2.22115,1.95124,4.69514,11.3,181,210,237,6,1.95068,71,9.73112,8.12786,9731.12109,1858.09497,487.75696,0,0,"plant_1","2.5D"
"maize_BEOU_monocrop",2018-09-10,"mai",1524.48218,4.66339,2.22285,1.95541,5.22295,13.2,181,210,237,6,2.12732,71,9.87654,8.12458,9876.54102,1852.07703,500.40192,0,0,"plant_1","Beer"
"maize_BEOU_monocrop",2018-09-10,"mai",1524.88855,4.66267,2.22115,1.95549,5.47758,13.2,181,210,237,6,2.21392,71,9.89524,8.13788,9895.24023,1843.06799,487.75696,0,0,"plant_1","2.5D"
"maize_BEOU_monocrop",2018-09-11,"mai",1544.24304,4.66339,2.41075,1.95923,4.72383,12.2,181,210,237,6,1.93989,71,10.02102,8.10481,10021.01953,1837.74731,500.40192,0,0,"plant_1","Beer"
"maize_BEOU_monocrop",2018-09-11,"mai",1544.66895,4.66267,2.40898,1.95931,4.95784,12.2,181,210,237,6,2.02125,71,10.04592,8.1227,10045.91699,1828.74109,487.75696,0,0,"plant_1","2.5D"
"maize_BEOU_monocrop",2018-09-12,"mai",1562.31042,4.66339,2.58987,1.963,4.6117,12.2,181,210,237,6,1.88976,71,10.1625,8.0907,10162.49609,1822.90698,500.40192,0,0,"plant_1","Beer"
"maize_BEOU_monocrop",2018-09-12,"mai",1562.75439,4.66267,2.58807,1.96307,4.84033,12.2,181,210,237,6,1.969,71,10.19349,8.11298,10193.49219,1813.90161,487.75696,0,0,"plant_1","2.5D"
"maize_BEOU_monocrop",2018-09-13,"mai",1583.07349,4.66339,2.77537,1.96614,7.93138,21.6,181,210,237,6,2.93579,71,10.38405,8.11617,10384.0459,1808.3374,500.40192,0,0,"plant_1","Beer"
"maize_BEOU_monocrop",2018-09-13,"mai",1583.53442,4.66267,2.77356,1.96621,8.26248,21.6,181,210,237,6,3.02428,71,10.42203,8.14327,10422.02734,1799.32996,487.75696,0,0,"plant_1","2.5D"
"maize_BEOU_monocrop",2018-09-14,"mai",1604.69849,4.66339,2.95749,1.96943,2.69891,7.6,181,210,237,6,1.15015,71,10.47111,8.02571,10471.11035,1808.3374,500.40192,0,0,"plant_1","Beer"
"maize_BEOU_monocrop",2018-09-14,"mai",1605.17932,4.66267,2.95571,1.9695,2.83944,7.6,181,210,237,6,1.20389,71,10.5133,8.05529,10513.2959,1784.6394,487.75696,0,0,"plant_1","2.5D"
"maize_BEOU_monocrop",2018-09-15,"mai",1620.12134,4.66339,2.95749,1.97252,7.91916,22.3,181,210,237,6,2.82605,71,10.68666,8.07554,10686.65723,1793.65259,500.40192,0,0,"plant_1","Beer"
"maize_BEOU_monocrop",2018-09-15,"mai",1620.61743,4.66267,3.13934,1.97258,7.92471,22.3,181,210,237,6,2.82432,71,10.72903,8.10464,10729.02539,1784.6394,487.75696,0,0,"plant_1","2.5D"
"maize_BEOU_monocrop",2018-09-16,"mai",1640.11499,4.66339,3.14105,1.97453,3.61764,10.6,181,210,237,6,1.48822,71,10.80061,8.01049,10800.61133,1778.40381,500.40192,0,0,"plant_1","Beer"
"maize_BEOU_monocrop",2018-09-16,"mai",1640.61877,4.66267,3.13934,1.97459,3.8011,10.6,181,210,237,6,1.55363,71,10.84818,8.04276,10848.18262,1769.38269,487.75696,0,0,"plant_1","2.5D"
"maize_BEOU_monocrop",2018-09-17,"mai",1656.99963,4.66339,3.33166,1.97693,6.95314,21.4,181,210,237,6,2.57979,71,10.99949,8.02799,10999.4873,1762.62402,500.40192,0,0,"plant_1","Beer"
"maize_BEOU_monocrop",2018-09-17,"mai",1657.51941,4.66267,3.33005,1.97698,7.24569,21.4,181,210,237,6,2.66124,71,11.05371,8.06437,11053.71094,1769.38269,487.75696,0,0,"plant_1","2.5D"
"maize_BEOU_monocrop",2018-09-18,"mai",1677.56116,4.66339,3.52891,1.97877,6.35449,20.8,181,210,237,6,2.3951,71,11.18527,8.00259,11185.27344,1762.62402,500.40192,0,0,"plant_1","Beer"
"maize_BEOU_monocrop",2018-09-18,"mai",1678.10083,4.66267,3.33005,1.97883,7.04597,20.8,181,210,237,6,2.59776,71,11.25568,8.04956,11255.68457,1753.59705,487.75696,0,0,"plant_1","2.5D"
"maize_BEOU_monocrop",2018-09-19,"mai",1700.54492,4.66339,3.52891,1.98083,6.56835,21.5,181,210,237,6,2.44538,71,11.37615,7.95613,11376.15039,1746.2041,500.40192,0,0,"plant_1","Beer"
"maize_BEOU_monocrop",2018-09-19,"mai",1701.10962,4.66267,3.52737,1.98088,6.84462,21.5,181,210,237,6,2.52191,71,11.45303,8.00623,11453.02637,1737.16614,487.75696,0,0,"plant_1","2.5D"
"maize_BEOU_monocrop",2018-09-20,"mai",1722.89258,4.66339,3.73416,1.98289,6.26599,22.2,181,210,237,6,2.33898,71,11.55981,7.90374,11559.80664,1728.86682,500.40192,0,0,"plant_1","Beer"
"maize_BEOU_monocrop",2018-09-20,"mai",1723.47937,4.66267,3.73276,1.98294,6.52624,22.2,181,210,237,6,2.41184,71,11.64291,7.95665,11642.90723,1719.81323,487.75696,0,0,"plant_1","2.5D"
"maize_BEOU_monocrop",2018-09-21,"mai",1746.31506,4.66339,3.95087,1.98469,5.4311,21.4,181,210,237,6,2.06435,71,11.72274,7.82294,11722.74219,1713.47375,500.40192,0,0,"plant_1","Beer"
"maize_BEOU_monocrop",2018-09-21,"mai",1746.92371,4.66267,3.94967,1.98473,5.66059,21.4,181,210,237,6,2.132,71,11.81165,7.87812,11811.65332,1704.40649,487.75696,0,0,"plant_1","2.5D"
"maize_BEOU_monocrop",2018-09-22,"mai",1769.81873,4.66339,4.14328,1.98637,3.54923,15.8,181,210,237,6,1.41404,71,11.83474,7.70297,11834.74219,1699.1499,500.40192,0,0,"plant_1","Beer"
"maize_BEOU_monocrop",2018-09-22,"mai",1770.44861,4.66267,4.14225,1.98641,3.71602,15.8,181,210,237,6,1.46972,71,11.9284,7.75956,11928.4043,1690.06702,487.75696,0,0,"plant_1","2.5D"
"maize_BEOU_monocrop",2018-09-23,"mai",1789.34143,4.66339,4.32234,1.98787,3.40985,17.6,181,210,237,6,1.35889,71,11.94274,7.61006,11942.7373,1683.19006,500.40192,0,0,"plant_1","Beer"
"maize_BEOU_monocrop",2018-09-23,"mai",1789.98645,4.66267,4.3215,1.98791,3.56496,17.6,181,210,237,6,1.41068,71,12.04085,7.66804,12040.85449,1674.0885,487.75696,0,0,"plant_1","2.5D"
"maize_BEOU_monocrop",2018-09-24,"mai",1809.73718,4.66339,4.52183,1.98787,2.8262,18.3,181,210,237,6,1.35538,99,11.94274,7.61006,11942.7373,1683.19006,500.40192,0,0,"plant_1","Beer"
"maize_BEOU_monocrop",2018-09-24,"mai",1810.396,4.66267,4.52123,1.98791,2.97668,18.3,181,210,237,6,1.41841,99,12.04085,7.66804,12040.85449,1674.0885,487.75696,0,0,"plant_1","2.5D"
"maize_BEOU_monocrop",2018-09-25,"mai",1809.73718,4.66339,0,0,0,14.6,181,210,237,6,1.35538,-1,11.94274,7.61006,11942.7373,1683.19006,500.40192,0,0,"plant_1","Beer"
"maize_BEOU_monocrop",2018-09-25,"mai",1810.396,4.66267,0,0,0,14.6,181,210,237,6,1.41841,-1,12.04085,7.66804,12040.85449,1674.0885,487.75696,0,0,"plant_1","2.5D"
"maize_BEOU_monocrop",2018-09-26,"mai",1809.73718,4.66339,0,0,0,20.7,181,210,237,6,1.35538,-1,11.94274,7.61006,11942.7373,1683.19006,500.40192,0,0,"plant_1","Beer"
"maize_BEOU_monocrop",2018-09-26,"mai",1810.396,4.66267,0,0,0,20.7,181,210,237,6,1.41841,-1,12.04085,7.66804,12040.85449,1674.0885,487.75696,0,0,"plant_1","2.5D"
"maize_BEOU_monocrop",2018-09-27,"mai",1809.73718,4.66339,0,0,0,21,181,210,237,6,1.35538,-1,11.94274,7.61006,11942.7373,1683.19006,500.40192,0,0,"plant_1","Beer"
"maize_BEOU_monocrop",2018-09-27,"mai",1810.396,4.66267,0,0,0,21,181,210,237,6,1.41841,-1,12.04085,7.66804,12040.85449,1674.0885,487.75696,0,0,"plant_1","2.5D"
"maize_BEOU_monocrop",2018-09-28,"mai",1809.73718,4.66339,0,0,0,19.1,181,210,237,6,1.35538,-1,11.94274,7.61006,11942.7373,1683.19006,500.40192,0,0,"plant_1","Beer"
"maize_BEOU_monocrop",2018-09-28,"mai",1810.396,4.66267,0,0,0,19.1,181,210,237,6,1.41841,-1,12.04085,7.66804,12040.85449,1674.0885,487.75696,0,0,"plant_1","2.5D"
"maize_BEOU_monocrop",2018-09-29,"mai",1809.73718,4.66339,0,0,0,13.1,181,210,237,6,1.35538,-1,11.94274,7.61006,11942.7373,1683.19006,500.40192,0,0,"plant_1","Beer"
"maize_BEOU_monocrop",2018-09-29,"mai",1810.396,4.66267,0,0,0,13.1,181,210,237,6,1.41841,-1,12.04085,7.66804,12040.85449,1674.0885,487.75696,0,0,"plant_1","2.5D"
"maize_BEOU_monocrop",2018-09-30,"mai",1809.73718,4.66339,0,0,0,11.1,181,210,237,6,1.35538,-1,11.94274,7.61006,11942.7373,1683.19006,500.40192,0,0,"plant_1","Beer"
"maize_BEOU_monocrop",2018-09-30,"mai",1810.396,4.66267,0,0,0,11.1,181,210,237,6,1.41841,-1,12.04085,7.66804,12040.85449,1674.0885,487.75696,0,0,"plant_1","2.5D"
"maize_BEOU_monocrop",2018-10-01,"mai",1809.73718,4.66339,0,0,0,17.2,181,210,237,6,1.35538,-1,11.94274,7.61006,11942.7373,1683.19006,500.40192,0,0,"plant_1","Beer"
"maize_BEOU_monocrop",2018-10-01,"mai",1810.396,4.66267,0,0,0,17.2,181,210,237,6,1.41841,-1,12.04085,7.66804,12040.85449,1674.0885,487.75696,0,0,"plant_1","2.5D"
"maize_BEOU_monocrop",2018-10-02,"mai",1809.73718,4.66339,0,0,0,20.2,181,210,237,6,1.35538,-1,11.94274,7.61006,11942.7373,1683.19006,500.40192,0,0,"plant_1","Beer"
"maize_BEOU_monocrop",2018-10-02,"mai",1810.396,4.66267,0,0,0,20.2,181,210,237,6,1.41841,-1,12.04085,7.66804,12040.85449,1674.0885,487.75696,0,0,"plant_1","2.5D"
"maize_BEOU_monocrop",2018-10-03,"mai",1809.73718,4.66339,0,0,0,21,181,210,237,6,1.35538,-1,11.94274,7.61006,11942.7373,1683.19006,500.40192,0,0,"plant_1","Beer"
"maize_BEOU_monocrop",2018-10-03,"mai",1810.396,4.66267,0,0,0,21,181,210,237,6,1.41841,-1,12.04085,7.66804,12040.85449,1674.0885,487.75696,0,0,"plant_1","2.5D"
"maize_BEOU_monocrop",2018-10-04,"mai",1809.73718,4.66339,0,0,0,16.3,181,210,237,6,1.35538,-1,11.94274,7.61006,11942.7373,1683.19006,500.40192,0,0,"plant_1","Beer"
"maize_BEOU_monocrop",2018-10-04,"mai",1810.396,4.66267,0,0,0,16.3,181,210,237,6,1.41841,-1,12.04085,7.66804,12040.85449,1674.0885,487.75696,0,0,"plant_1","2.5D"
"maize_BEOU_monocrop",2018-10-05,"mai",1809.73718,4.66339,0,0,0,12.9,181,210,237,6,1.35538,-1,11.94274,7.61006,11942.7373,1683.19006,500.40192,0,0,"plant_1","Beer"
"maize_BEOU_monocrop",2018-10-05,"mai",1810.396,4.66267,0,0,0,12.9,181,210,237,6,1.41841,-1,12.04085,7.66804,12040.85449,1674.0885,487.75696,0,0,"plant_1","2.5D"
"maize_BEOU_monocrop",2018-10-06,"mai",1809.73718,4.66339,0,0,0,20.9,181,210,237,6,1.35538,-1,11.94274,7.61006,11942.7373,1683.19006,500.40192,0,0,"plant_1","Beer"
"maize_BEOU_monocrop",2018-10-06,"mai",1810.396,4.66267,0,0,0,20.9,181,210,237,6,1.41841,-1,12.04085,7.66804,12040.85449,1674.0885,487.75696,0,0,"plant_1","2.5D"
"maize_BEOU_monocrop",2018-10-07,"mai",1809.73718,4.66339,0,0,0,18.7,181,210,237,6,1.35538,-1,11.94274,7.61006,11942.7373,1683.19006,500.40192,0,0,"plant_1","Beer"
"maize_BEOU_monocrop",2018-10-07,"mai",1810.396,4.66267,0,0,0,18.7,181,210,237,6,1.41841,-1,12.04085,7.66804,12040.85449,1674.0885,487.75696,0,0,"plant_1","2.5D"
"maize_BEOU_monocrop",2018-10-08,"mai",1809.73718,4.66339,0,0,0,18.6,181,210,237,6,1.35538,-1,11.94274,7.61006,11942.7373,1683.19006,500.40192,0,0,"plant_1","Beer"
"maize_BEOU_monocrop",2018-10-08,"mai",1810.396,4.66267,0,0,0,18.6,181,210,237,6,1.41841,-1,12.04085,7.66804,12040.85449,1674.0885,487.75696,0,0,"plant_1","2.5D"
"maize_BEOU_monocrop",2018-10-09,"mai",1809.73718,4.66339,0,0,0,21.3,181,210,237,6,1.35538,-1,11.94274,7.61006,11942.7373,1683.19006,500.40192,0,0,"plant_1","Beer"
"maize_BEOU_monocrop",2018-10-09,"mai",1810.396,4.66267,0,0,0,21.3,181,210,237,6,1.41841,-1,12.04085,7.66804,12040.85449,1674.0885,487.75696,0,0,"plant_1","2.5D"
"maize_BEOU_monocrop",2018-10-10,"mai",1809.73718,4.66339,0,0,0,21.1,181,210,237,6,1.35538,-1,11.94274,7.61006,11942.7373,1683.19006,500.40192,0,0,"plant_1","Beer"
"maize_BEOU_monocrop",2018-10-10,"mai",1810.396,4.66267,0,0,0,21.1,181,210,237,6,1.41841,-1,12.04085,7.66804,12040.85449,1674.0885,487.75696,0,0,"plant_1","2.5D"
"maize_BEOU_monocrop",2018-10-11,"mai",1809.73718,4.66339,0,0,0,18.7,181,210,237,6,1.35538,-1,11.94274,7.61006,11942.7373,1683.19006,500.40192,0,0,"plant_1","Beer"
"maize_BEOU_monocrop",2018-10-11,"mai",1810.396,4.66267,0,0,0,18.7,181,210,237,6,1.41841,-1,12.04085,7.66804,12040.85449,1674.0885,487.75696,0,0,"plant_1","2.5D"
"maize_BEOU_monocrop",2018-10-12,"mai",1809.73718,4.66339,0,0,0,20.1,181,210,237,6,1.35538,-1,11.94274,7.61006,11942.7373,1683.19006,500.40192,0,0,"plant_1","Beer"
"maize_BEOU_monocrop",2018-10-12,"mai",1810.396,4.66267,0,0,0,20.1,181,210,237,6,1.41841,-1,12.04085,7.66804,12040.85449,1674.0885,487.75696,0,0,"plant_1","2.5D"
"maize_BEOU_monocrop",2018-10-13,"mai",1809.73718,4.66339,0,0,0,19.2,181,210,237,6,1.35538,-1,11.94274,7.61006,11942.7373,1683.19006,500.40192,0,0,"plant_1","Beer"
"maize_BEOU_monocrop",2018-10-13,"mai",1810.396,4.66267,0,0,0,19.2,181,210,237,6,1.41841,-1,12.04085,7.66804,12040.85449,1674.0885,487.75696,0,0,"plant_1","2.5D"
"maize_BEOU_monocrop",2018-10-14,"mai",1809.73718,4.66339,0,0,0,20.7,181,210,237,6,1.35538,-1,11.94274,7.61006,11942.7373,1683.19006,500.40192,0,0,"plant_1","Beer"
"maize_BEOU_monocrop",2018-10-14,"mai",1810.396,4.66267,0,0,0,20.7,181,210,237,6,1.41841,-1,12.04085,7.66804,12040.85449,1674.0885,487.75696,0,0,"plant_1","2.5D"
"maize_BEOU_monocrop",2018-10-15,"mai",1809.73718,4.66339,0,0,0,16.5,181,210,237,6,1.35538,-1,11.94274,7.61006,11942.7373,1683.19006,500.40192,0,0,"plant_1","Beer"
"maize_BEOU_monocrop",2018-10-15,"mai",1810.396,4.66267,0,0,0,16.5,181,210,237,6,1.41841,-1,12.04085,7.66804,12040.85449,1674.0885,487.75696,0,0,"plant_1","2.5D"
"maize_BEOU_monocrop",2018-10-16,"mai",1809.73718,4.66339,0,0,0,18.6,181,210,237,6,1.35538,-1,11.94274,7.61006,11942.7373,1683.19006,500.40192,0,0,"plant_1","Beer"
"maize_BEOU_monocrop",2018-10-16,"mai",1810.396,4.66267,0,0,0,18.6,181,210,237,6,1.41841,-1,12.04085,7.66804,12040.85449,1674.0885,487.75696,0,0,"plant_1","2.5D"
"maize_BEOU_monocrop",2018-10-17,"mai",1809.73718,4.66339,0,0,0,21.2,181,210,237,6,1.35538,-1,11.94274,7.61006,11942.7373,1683.19006,500.40192,0,0,"plant_1","Beer"
"maize_BEOU_monocrop",2018-10-17,"mai",1810.396,4.66267,0,0,0,21.2,181,210,237,6,1.41841,-1,12.04085,7.66804,12040.85449,1674.0885,487.75696,0,0,"plant_1","2.5D"
"maize_BEOU_monocrop",2018-10-18,"mai",1809.73718,4.66339,0,0,0,20.1,181,210,237,6,1.35538,-1,11.94274,7.61006,11942.7373,1683.19006,500.40192,0,0,"plant_1","Beer"
"maize_BEOU_monocrop",2018-10-18,"mai",1810.396,4.66267,0,0,0,20.1,181,210,237,6,1.41841,-1,12.04085,7.66804,12040.85449,1674.0885,487.75696,0,0,"plant_1","2.5D"
"maize_BEOU_monocrop",2018-10-19,"mai",1809.73718,4.66339,0,0,0,18.3,181,210,237,6,1.35538,-1,11.94274,7.61006,11942.7373,1683.19006,500.40192,0,0,"plant_1","Beer"
"maize_BEOU_monocrop",2018-10-19,"mai",1810.396,4.66267,0,0,0,18.3,181,210,237,6,1.41841,-1,12.04085,7.66804,12040.85449,1674.0885,487.75696,0,0,"plant_1","2.5D"
"maize_BEOU_monocrop",2018-10-20,"mai",1809.73718,4.66339,0,0,0,15.5,181,210,237,6,1.35538,-1,11.94274,7.61006,11942.7373,1683.19006,500.40192,0,0,"plant_1","Beer"
"maize_BEOU_monocrop",2018-10-20,"mai",1810.396,4.66267,0,0,0,15.5,181,210,237,6,1.41841,-1,12.04085,7.66804,12040.85449,1674.0885,487.75696,0,0,"plant_1","2.5D"
"maize_BEOU_monocrop",2018-10-21,"mai",1809.73718,4.66339,0,0,0,21.5,181,210,237,6,1.35538,-1,11.94274,7.61006,11942.7373,1683.19006,500.40192,0,0,"plant_1","Beer"
"maize_BEOU_monocrop",2018-10-21,"mai",1810.396,4.66267,0,0,0,21.5,181,210,237,6,1.41841,-1,12.04085,7.66804,12040.85449,1674.0885,487.75696,0,0,"plant_1","2.5D"
"maize_BEOU_monocrop",2018-10-22,"mai",1809.73718,4.66339,0,0,0,20.7,181,210,237,6,1.35538,-1,11.94274,7.61006,11942.7373,1683.19006,500.40192,0,0,"plant_1","Beer"
"maize_BEOU_monocrop",2018-10-22,"mai",1810.396,4.66267,0,0,0,20.7,181,210,237,6,1.41841,-1,12.04085,7.66804,12040.85449,1674.0885,487.75696,0,0,"plant_1","2.5D"
"maize_BEOU_monocrop",2018-10-23,"mai",1809.73718,4.66339,0,0,0,16.7,181,210,237,6,1.35538,-1,11.94274,7.61006,11942.7373,1683.19006,500.40192,0,0,"plant_1","Beer"
"maize_BEOU_monocrop",2018-10-23,"mai",1810.396,4.66267,0,0,0,16.7,181,210,237,6,1.41841,-1,12.04085,7.66804,12040.85449,1674.0885,487.75696,0,0,"plant_1","2.5D"
"maize_BEOU_monocrop",2018-10-24,"mai",1809.73718,4.66339,0,0,0,19.7,181,210,237,6,1.35538,-1,11.94274,7.61006,11942.7373,1683.19006,500.40192,0,0,"plant_1","Beer"
"maize_BEOU_monocrop",2018-10-24,"mai",1810.396,4.66267,0,0,0,19.7,181,210,237,6,1.41841,-1,12.04085,7.66804,12040.85449,1674.0885,487.75696,0,0,"plant_1","2.5D"
"maize_BEOU_monocrop",2018-10-25,"mai",1809.73718,4.66339,0,0,0,19.9,181,210,237,6,1.35538,-1,11.94274,7.61006,11942.7373,1683.19006,500.40192,0,0,"plant_1","Beer"
"maize_BEOU_monocrop",2018-10-25,"mai",1810.396,4.66267,0,0,0,19.9,181,210,237,6,1.41841,-1,12.04085,7.66804,12040.85449,1674.0885,487.75696,0,0,"plant_1","2.5D"
"maize_BEOU_monocrop",2018-10-26,"mai",1809.73718,4.66339,0,0,0,20.4,181,210,237,6,1.35538,-1,11.94274,7.61006,11942.7373,1683.19006,500.40192,0,0,"plant_1","Beer"
"maize_BEOU_monocrop",2018-10-26,"mai",1810.396,4.66267,0,0,0,20.4,181,210,237,6,1.41841,-1,12.04085,7.66804,12040.85449,1674.0885,487.75696,0,0,"plant_1","2.5D"
"maize_BEOU_monocrop",2018-10-27,"mai",1809.73718,4.66339,0,0,0,17.5,181,210,237,6,1.35538,-1,11.94274,7.61006,11942.7373,1683.19006,500.40192,0,0,"plant_1","Beer"
"maize_BEOU_monocrop",2018-10-27,"mai",1810.396,4.66267,0,0,0,17.5,181,210,237,6,1.41841,-1,12.04085,7.66804,12040.85449,1674.0885,487.75696,0,0,"plant_1","2.5D"
"maize_BEOU_monocrop",2018-10-28,"mai",1809.73718,4.66339,0,0,0,19.3,181,210,237,6,1.35538,-1,11.94274,7.61006,11942.7373,1683.19006,500.40192,0,0,"plant_1","Beer"
"maize_BEOU_monocrop",2018-10-28,"mai",1810.396,4.66267,0,0,0,19.3,181,210,237,6,1.41841,-1,12.04085,7.66804,12040.85449,1674.0885,487.75696,0,0,"plant_1","2.5D"
"maize_BEOU_monocrop",2018-10-29,"mai",1809.73718,4.66339,0,0,0,11.6,181,210,237,6,1.35538,-1,11.94274,7.61006,11942.7373,1683.19006,500.40192,0,0,"plant_1","Beer"
"maize_BEOU_monocrop",2018-10-29,"mai",1810.396,4.66267,0,0,0,11.6,181,210,237,6,1.41841,-1,12.04085,7.66804,12040.85449,1674.0885,487.75696,0,0,"plant_1","2.5D"
"maize_BEOU_monocrop",2018-10-30,"mai",1809.73718,4.66339,0,0,0,17,181,210,237,6,1.35538,-1,11.94274,7.61006,11942.7373,1683.19006,500.40192,0,0,"plant_1","Beer"
"maize_BEOU_monocrop",2018-10-30,"mai",1810.396,4.66267,0,0,0,17,181,210,237,6,1.41841,-1,12.04085,7.66804,12040.85449,1674.0885,487.75696,0,0,"plant_1","2.5D"
"maize_BEOU_monocrop",2018-10-31,"mai",1809.73718,4.66339,0,0,0,17,181,210,237,6,1.35538,-1,11.94274,7.61006,11942.7373,1683.19006,500.40192,0,0,"plant_1","Beer"
"maize_BEOU_monocrop",2018-10-31,"mai",1810.396,4.66267,0,0,0,17,181,210,237,6,1.41841,-1,12.04085,7.66804,12040.85449,1674.0885,487.75696,0,0,"plant_1","2.5D"
"maize_BEOU_monocrop",2018-11-01,"mai",1809.73718,4.66339,0,0,0,17.7,181,210,237,6,1.35538,-1,11.94274,7.61006,11942.7373,1683.19006,500.40192,0,0,"plant_1","Beer"
"maize_BEOU_monocrop",2018-11-01,"mai",1810.396,4.66267,0,0,0,17.7,181,210,237,6,1.41841,-1,12.04085,7.66804,12040.85449,1674.0885,487.75696,0,0,"plant_1","2.5D"
"maize_BEOU_monocrop",2018-11-02,"mai",1809.73718,4.66339,0,0,0,20.3,181,210,237,6,1.35538,-1,11.94274,7.61006,11942.7373,1683.19006,500.40192,0,0,"plant_1","Beer"
"maize_BEOU_monocrop",2018-11-02,"mai",1810.396,4.66267,0,0,0,20.3,181,210,237,6,1.41841,-1,12.04085,7.66804,12040.85449,1674.0885,487.75696,0,0,"plant_1","2.5D"
"maize_BEOU_monocrop",2018-11-03,"mai",1809.73718,4.66339,0,0,0,20.2,181,210,237,6,1.35538,-1,11.94274,7.61006,11942.7373,1683.19006,500.40192,0,0,"plant_1","Beer"
"maize_BEOU_monocrop",2018-11-03,"mai",1810.396,4.66267,0,0,0,20.2,181,210,237,6,1.41841,-1,12.04085,7.66804,12040.85449,1674.0885,487.75696,0,0,"plant_1","2.5D"
"maize_BEOU_monocrop",2018-11-04,"mai",1809.73718,4.66339,0,0,0,19.9,181,210,237,6,1.35538,-1,11.94274,7.61006,11942.7373,1683.19006,500.40192,0,0,"plant_1","Beer"
"maize_BEOU_monocrop",2018-11-04,"mai",1810.396,4.66267,0,0,0,19.9,181,210,237,6,1.41841,-1,12.04085,7.66804,12040.85449,1674.0885,487.75696,0,0,"plant_1","2.5D"
"maize_BEOU_monocrop",2018-11-05,"mai",1809.73718,4.66339,0,0,0,18.4,181,210,237,6,1.35538,-1,11.94274,7.61006,11942.7373,1683.19006,500.40192,0,0,"plant_1","Beer"
"maize_BEOU_monocrop",2018-11-05,"mai",1810.396,4.66267,0,0,0,18.4,181,210,237,6,1.41841,-1,12.04085,7.66804,12040.85449,1674.0885,487.75696,0,0,"plant_1","2.5D"
"maize_BEOU_monocrop",2018-11-06,"mai",1809.73718,4.66339,0,0,0,18.3,181,210,237,6,1.35538,-1,11.94274,7.61006,11942.7373,1683.19006,500.40192,0,0,"plant_1","Beer"
"maize_BEOU_monocrop",2018-11-06,"mai",1810.396,4.66267,0,0,0,18.3,181,210,237,6,1.41841,-1,12.04085,7.66804,12040.85449,1674.0885,487.75696,0,0,"plant_1","2.5D"
"maize_BEOU_monocrop",2018-11-07,"mai",1809.73718,4.66339,0,0,0,18.7,181,210,237,6,1.35538,-1,11.94274,7.61006,11942.7373,1683.19006,500.40192,0,0,"plant_1","Beer"
"maize_BEOU_monocrop",2018-11-07,"mai",1810.396,4.66267,0,0,0,18.7,181,210,237,6,1.41841,-1,12.04085,7.66804,12040.85449,1674.0885,487.75696,0,0,"plant_1","2.5D"
"maize_BEOU_monocrop",2018-11-08,"mai",1809.73718,4.66339,0,0,0,18.3,181,210,237,6,1.35538,-1,11.94274,7.61006,11942.7373,1683.19006,500.40192,0,0,"plant_1","Beer"
"maize_BEOU_monocrop",2018-11-08,"mai",1810.396,4.66267,0,0,0,18.3,181,210,237,6,1.41841,-1,12.04085,7.66804,12040.85449,1674.0885,487.75696,0,0,"plant_1","2.5D"
"maize_BEOU_monocrop",2018-11-09,"mai",1809.73718,4.66339,0,0,0,20.2,181,210,237,6,1.35538,-1,11.94274,7.61006,11942.7373,1683.19006,500.40192,0,0,"plant_1","Beer"
"maize_BEOU_monocrop",2018-11-09,"mai",1810.396,4.66267,0,0,0,20.2,181,210,237,6,1.41841,-1,12.04085,7.66804,12040.85449,1674.0885,487.75696,0,0,"plant_1","2.5D"
"maize_BEOU_monocrop",2018-11-10,"mai",1809.73718,4.66339,0,0,0,19.9,181,210,237,6,1.35538,-1,11.94274,7.61006,11942.7373,1683.19006,500.40192,0,0,"plant_1","Beer"
"maize_BEOU_monocrop",2018-11-10,"mai",1810.396,4.66267,0,0,0,19.9,181,210,237,6,1.41841,-1,12.04085,7.66804,12040.85449,1674.0885,487.75696,0,0,"plant_1","2.5D"
"maize_BEOU_monocrop",2018-11-11,"mai",1809.73718,4.66339,0,0,0,19,181,210,237,6,1.35538,-1,11.94274,7.61006,11942.7373,1683.19006,500.40192,0,0,"plant_1","Beer"
"maize_BEOU_monocrop",2018-11-11,"mai",1810.396,4.66267,0,0,0,19,181,210,237,6,1.41841,-1,12.04085,7.66804,12040.85449,1674.0885,487.75696,0,0,"plant_1","2.5D"
"maize_BEOU_monocrop",2018-11-12,"mai",1809.73718,4.66339,0,0,0,19.4,181,210,237,6,1.35538,-1,11.94274,7.61006,11942.7373,1683.19006,500.40192,0,0,"plant_1","Beer"
"maize_BEOU_monocrop",2018-11-12,"mai",1810.396,4.66267,0,0,0,19.4,181,210,237,6,1.41841,-1,12.04085,7.66804,12040.85449,1674.0885,487.75696,0,0,"plant_1","2.5D"
"maize_BEOU_monocrop",2018-11-13,"mai",1809.73718,4.66339,0,0,0,19.1,181,210,237,6,1.35538,-1,11.94274,7.61006,11942.7373,1683.19006,500.40192,0,0,"plant_1","Beer"
"maize_BEOU_monocrop",2018-11-13,"mai",1810.396,4.66267,0,0,0,19.1,181,210,237,6,1.41841,-1,12.04085,7.66804,12040.85449,1674.0885,487.75696,0,0,"plant_1","2.5D"
"maize_BEOU_monocrop",2018-11-14,"mai",1809.73718,4.66339,0,0,0,19,181,210,237,6,1.35538,-1,11.94274,7.61006,11942.7373,1683.19006,500.40192,0,0,"plant_1","Beer"
"maize_BEOU_monocrop",2018-11-14,"mai",1810.396,4.66267,0,0,0,19,181,210,237,6,1.41841,-1,12.04085,7.66804,12040.85449,1674.0885,487.75696,0,0,"plant_1","2.5D"
"maize_BEOU_monocrop",2018-11-15,"mai",1809.73718,4.66339,0,0,0,18.9,181,210,237,6,1.35538,-1,11.94274,7.61006,11942.7373,1683.19006,500.40192,0,0,"plant_1","Beer"
"maize_BEOU_monocrop",2018-11-15,"mai",1810.396,4.66267,0,0,0,18.9,181,210,237,6,1.41841,-1,12.04085,7.66804,12040.85449,1674.0885,487.75696,0,0,"plant_1","2.5D"
"maize_BEOU_monocrop",2018-11-16,"mai",1809.73718,4.66339,0,0,0,18.8,181,210,237,6,1.35538,-1,11.94274,7.61006,11942.7373,1683.19006,500.40192,0,0,"plant_1","Beer"
"maize_BEOU_monocrop",2018-11-16,"mai",1810.396,4.66267,0,0,0,18.8,181,210,237,6,1.41841,-1,12.04085,7.66804,12040.85449,1674.0885,487.75696,0,0,"plant_1","2.5D"
"maize_BEOU_monocrop",2018-11-17,"mai",1809.73718,4.66339,0,0,0,17,181,210,237,6,1.35538,-1,11.94274,7.61006,11942.7373,1683.19006,500.40192,0,0,"plant_1","Beer"
"maize_BEOU_monocrop",2018-11-17,"mai",1810.396,4.66267,0,0,0,17,181,210,237,6,1.41841,-1,12.04085,7.66804,12040.85449,1674.0885,487.75696,0,0,"plant_1","2.5D"
"maize_BEOU_monocrop",2018-11-18,"mai",1809.73718,4.66339,0,0,0,14.9,181,210,237,6,1.35538,-1,11.94274,7.61006,11942.7373,1683.19006,500.40192,0,0,"plant_1","Beer"
"maize_BEOU_monocrop",2018-11-18,"mai",1810.396,4.66267,0,0,0,14.9,181,210,237,6,1.41841,-1,12.04085,7.66804,12040.85449,1674.0885,487.75696,0,0,"plant_1","2.5D"
"maize_BEOU_monocrop",2018-11-19,"mai",1809.73718,4.66339,0,0,0,16.2,181,210,237,6,1.35538,-1,11.94274,7.61006,11942.7373,1683.19006,500.40192,0,0,"plant_1","Beer"
"maize_BEOU_monocrop",2018-11-19,"mai",1810.396,4.66267,0,0,0,16.2,181,210,237,6,1.41841,-1,12.04085,7.66804,12040.85449,1674.0885,487.75696,0,0,"plant_1","2.5D"
"maize_BEOU_monocrop",2018-11-20,"mai",1809.73718,4.66339,0,0,0,14.5,181,210,237,6,1.35538,-1,11.94274,7.61006,11942.7373,1683.19006,500.40192,0,0,"plant_1","Beer"
"maize_BEOU_monocrop",2018-11-20,"mai",1810.396,4.66267,0,0,0,14.5,181,210,237,6,1.41841,-1,12.04085,7.66804,12040.85449,1674.0885,487.75696,0,0,"plant_1","2.5D"
"maize_BEOU_monocrop",2018-11-21,"mai",1809.73718,4.66339,0,0,0,14.4,181,210,237,6,1.35538,-1,11.94274,7.61006,11942.7373,1683.19006,500.40192,0,0,"plant_1","Beer"
"maize_BEOU_monocrop",2018-11-21,"mai",1810.396,4.66267,0,0,0,14.4,181,210,237,6,1.41841,-1,12.04085,7.66804,12040.85449,1674.0885,487.75696,0,0,"plant_1","2.5D"
"maize_BEOU_monocrop",2018-11-22,"mai",1809.73718,4.66339,0,0,0,17.2,181,210,237,6,1.35538,-1,11.94274,7.61006,11942.7373,1683.19006,500.40192,0,0,"plant_1","Beer"
"maize_BEOU_monocrop",2018-11-22,"mai",1810.396,4.66267,0,0,0,17.2,181,210,237,6,1.41841,-1,12.04085,7.66804,12040.85449,1674.0885,487.75696,0,0,"plant_1","2.5D"
"maize_BEOU_monocrop",2018-11-23,"mai",1809.73718,4.66339,0,0,0,17.4,181,210,237,6,1.35538,-1,11.94274,7.61006,11942.7373,1683.19006,500.40192,0,0,"plant_1","Beer"
"maize_BEOU_monocrop",2018-11-23,"mai",1810.396,4.66267,0,0,0,17.4,181,210,237,6,1.41841,-1,12.04085,7.66804,12040.85449,1674.0885,487.75696,0,0,"plant_1","2.5D"
"maize_BEOU_monocrop",2018-11-24,"mai",1809.73718,4.66339,0,0,0,17.8,181,210,237,6,1.35538,-1,11.94274,7.61006,11942.7373,1683.19006,500.40192,0,0,"plant_1","Beer"
"maize_BEOU_monocrop",2018-11-24,"mai",1810.396,4.66267,0,0,0,17.8,181,210,237,6,1.41841,-1,12.04085,7.66804,12040.85449,1674.0885,487.75696,0,0,"plant_1","2.5D"
"maize_BEOU_monocrop",2018-11-25,"mai",1809.73718,4.66339,0,0,0,17.7,181,210,237,6,1.35538,-1,11.94274,7.61006,11942.7373,1683.19006,500.40192,0,0,"plant_1","Beer"
"maize_BEOU_monocrop",2018-11-25,"mai",1810.396,4.66267,0,0,0,17.7,181,210,237,6,1.41841,-1,12.04085,7.66804,12040.85449,1674.0885,487.75696,0,0,"plant_1","2.5D"
"maize_BEOU_monocrop",2018-11-26,"mai",1809.73718,4.66339,0,0,0,16.7,181,210,237,6,1.35538,-1,11.94274,7.61006,11942.7373,1683.19006,500.40192,0,0,"plant_1","Beer"
"maize_BEOU_monocrop",2018-11-26,"mai",1810.396,4.66267,0,0,0,16.7,181,210,237,6,1.41841,-1,12.04085,7.66804,12040.85449,1674.0885,487.75696,0,0,"plant_1","2.5D"
"maize_BEOU_monocrop",2018-11-27,"mai",1809.73718,4.66339,0,0,0,16.6,181,210,237,6,1.35538,-1,11.94274,7.61006,11942.7373,1683.19006,500.40192,0,0,"plant_1","Beer"
"maize_BEOU_monocrop",2018-11-27,"mai",1810.396,4.66267,0,0,0,16.6,181,210,237,6,1.41841,-1,12.04085,7.66804,12040.85449,1674.0885,487.75696,0,0,"plant_1","2.5D"
"maize_BEOU_monocrop",2018-11-28,"mai",1809.73718,4.66339,0,0,0,17.4,181,210,237,6,1.35538,-1,11.94274,7.61006,11942.7373,1683.19006,500.40192,0,0,"plant_1","Beer"
"maize_BEOU_monocrop",2018-11-28,"mai",1810.396,4.66267,0,0,0,17.4,181,210,237,6,1.41841,-1,12.04085,7.66804,12040.85449,1674.0885,487.75696,0,0,"plant_1","2.5D"
"maize_BEOU_monocrop",2018-11-29,"mai",1809.73718,4.66339,0,0,0,16.9,181,210,237,6,1.35538,-1,11.94274,7.61006,11942.7373,1683.19006,500.40192,0,0,"plant_1","Beer"
"maize_BEOU_monocrop",2018-11-29,"mai",1810.396,4.66267,0,0,0,16.9,181,210,237,6,1.41841,-1,12.04085,7.66804,12040.85449,1674.0885,487.75696,0,0,"plant_1","2.5D"
"maize_BEOU_monocrop",2018-11-30,"mai",1809.73718,4.66339,0,0,0,17.8,181,210,237,6,1.35538,-1,11.94274,7.61006,11942.7373,1683.19006,500.40192,0,0,"plant_1","Beer"
"maize_BEOU_monocrop",2018-11-30,"mai",1810.396,4.66267,0,0,0,17.8,181,210,237,6,1.41841,-1,12.04085,7.66804,12040.85449,1674.0885,487.75696,0,0,"plant_1","2.5D"
"maize_BEOU_monocrop",2018-12-01,"mai",1809.73718,4.66339,0,0,0,15.1,181,210,237,6,1.35538,-1,11.94274,7.61006,11942.7373,1683.19006,500.40192,0,0,"plant_1","Beer"
"maize_BEOU_monocrop",2018-12-01,"mai",1810.396,4.66267,0,0,0,15.1,181,210,237,6,1.41841,-1,12.04085,7.66804,12040.85449,1674.0885,487.75696,0,0,"plant_1","2.5D"
"maize_BEOU_monocrop",2018-12-02,"mai",1809.73718,4.66339,0,0,0,17.7,181,210,237,6,1.35538,-1,11.94274,7.61006,11942.7373,1683.19006,500.40192,0,0,"plant_1","Beer"
"maize_BEOU_monocrop",2018-12-02,"mai",1810.396,4.66267,0,0,0,17.7,181,210,237,6,1.41841,-1,12.04085,7.66804,12040.85449,1674.0885,487.75696,0,0,"plant_1","2.5D"
"maize_BEOU_monocrop",2018-12-03,"mai",1809.73718,4.66339,0,0,0,18.1,181,210,237,6,1.35538,-1,11.94274,7.61006,11942.7373,1683.19006,500.40192,0,0,"plant_1","Beer"
"maize_BEOU_monocrop",2018-12-03,"mai",1810.396,4.66267,0,0,0,18.1,181,210,237,6,1.41841,-1,12.04085,7.66804,12040.85449,1674.0885,487.75696,0,0,"plant_1","2.5D"
"maize_BEOU_monocrop",2018-12-04,"mai",1809.73718,4.66339,0,0,0,17.6,181,210,237,6,1.35538,-1,11.94274,7.61006,11942.7373,1683.19006,500.40192,0,0,"plant_1","Beer"
"maize_BEOU_monocrop",2018-12-04,"mai",1810.396,4.66267,0,0,0,17.6,181,210,237,6,1.41841,-1,12.04085,7.66804,12040.85449,1674.0885,487.75696,0,0,"plant_1","2.5D"
"maize_BEOU_monocrop",2018-12-05,"mai",1809.73718,4.66339,0,0,0,16.9,181,210,237,6,1.35538,-1,11.94274,7.61006,11942.7373,1683.19006,500.40192,0,0,"plant_1","Beer"
"maize_BEOU_monocrop",2018-12-05,"mai",1810.396,4.66267,0,0,0,16.9,181,210,237,6,1.41841,-1,12.04085,7.66804,12040.85449,1674.0885,487.75696,0,0,"plant_1","2.5D"
"maize_BEOU_monocrop",2018-12-06,"mai",1809.73718,4.66339,0,0,0,17.5,181,210,237,6,1.35538,-1,11.94274,7.61006,11942.7373,1683.19006,500.40192,0,0,"plant_1","Beer"
"maize_BEOU_monocrop",2018-12-06,"mai",1810.396,4.66267,0,0,0,17.5,181,210,237,6,1.41841,-1,12.04085,7.66804,12040.85449,1674.0885,487.75696,0,0,"plant_1","2.5D"
"maize_BEOU_monocrop",2018-12-07,"mai",1809.73718,4.66339,0,0,0,17.2,181,210,237,6,1.35538,-1,11.94274,7.61006,11942.7373,1683.19006,500.40192,0,0,"plant_1","Beer"
"maize_BEOU_monocrop",2018-12-07,"mai",1810.396,4.66267,0,0,0,17.2,181,210,237,6,1.41841,-1,12.04085,7.66804,12040.85449,1674.0885,487.75696,0,0,"plant_1","2.5D"
"maize_BEOU_monocrop",2018-12-08,"mai",1809.73718,4.66339,0,0,0,17.5,181,210,237,6,1.35538,-1,11.94274,7.61006,11942.7373,1683.19006,500.40192,0,0,"plant_1","Beer"
"maize_BEOU_monocrop",2018-12-08,"mai",1810.396,4.66267,0,0,0,17.5,181,210,237,6,1.41841,-1,12.04085,7.66804,12040.85449,1674.0885,487.75696,0,0,"plant_1","2.5D"
"maize_BEOU_monocrop",2018-12-09,"mai",1809.73718,4.66339,0,0,0,17.5,181,210,237,6,1.35538,-1,11.94274,7.61006,11942.7373,1683.19006,500.40192,0,0,"plant_1","Beer"
"maize_BEOU_monocrop",2018-12-09,"mai",1810.396,4.66267,0,0,0,17.5,181,210,237,6,1.41841,-1,12.04085,7.66804,12040.85449,1674.0885,487.75696,0,0,"plant_1","2.5D"
"maize_BEOU_monocrop",2018-12-10,"mai",1809.73718,4.66339,0,0,0,17.8,181,210,237,6,1.35538,-1,11.94274,7.61006,11942.7373,1683.19006,500.40192,0,0,"plant_1","Beer"
"maize_BEOU_monocrop",2018-12-10,"mai",1810.396,4.66267,0,0,0,17.8,181,210,237,6,1.41841,-1,12.04085,7.66804,12040.85449,1674.0885,487.75696,0,0,"plant_1","2.5D"
"maize_BEOU_monocrop",2018-12-11,"mai",1809.73718,4.66339,0,0,0,17.4,181,210,237,6,1.35538,-1,11.94274,7.61006,11942.7373,1683.19006,500.40192,0,0,"plant_1","Beer"
"maize_BEOU_monocrop",2018-12-11,"mai",1810.396,4.66267,0,0,0,17.4,181,210,237,6,1.41841,-1,12.04085,7.66804,12040.85449,1674.0885,487.75696,0,0,"plant_1","2.5D"
"maize_BEOU_monocrop",2018-12-12,"mai",1809.73718,4.66339,0,0,0,17,181,210,237,6,1.35538,-1,11.94274,7.61006,11942.7373,1683.19006,500.40192,0,0,"plant_1","Beer"
"maize_BEOU_monocrop",2018-12-12,"mai",1810.396,4.66267,0,0,0,17,181,210,237,6,1.41841,-1,12.04085,7.66804,12040.85449,1674.0885,487.75696,0,0,"plant_1","2.5D"
"maize_BEOU_monocrop",2018-12-13,"mai",1809.73718,4.66339,0,0,0,16.9,181,210,237,6,1.35538,-1,11.94274,7.61006,11942.7373,1683.19006,500.40192,0,0,"plant_1","Beer"
"maize_BEOU_monocrop",2018-12-13,"mai",1810.396,4.66267,0,0,0,16.9,181,210,237,6,1.41841,-1,12.04085,7.66804,12040.85449,1674.0885,487.75696,0,0,"plant_1","2.5D"
"maize_BEOU_monocrop",2018-12-14,"mai",1809.73718,4.66339,0,0,0,16.4,181,210,237,6,1.35538,-1,11.94274,7.61006,11942.7373,1683.19006,500.40192,0,0,"plant_1","Beer"
"maize_BEOU_monocrop",2018-12-14,"mai",1810.396,4.66267,0,0,0,16.4,181,210,237,6,1.41841,-1,12.04085,7.66804,12040.85449,1674.0885,487.75696,0,0,"plant_1","2.5D"
"maize_BEOU_monocrop",2018-12-15,"mai",1809.73718,4.66339,0,0,0,16.7,181,210,237,6,1.35538,-1,11.94274,7.61006,11942.7373,1683.19006,500.40192,0,0,"plant_1","Beer"
"maize_BEOU_monocrop",2018-12-15,"mai",1810.396,4.66267,0,0,0,16.7,181,210,237,6,1.41841,-1,12.04085,7.66804,12040.85449,1674.0885,487.75696,0,0,"plant_1","2.5D"
"maize_BEOU_monocrop",2018-12-16,"mai",1809.73718,4.66339,0,0,0,17.8,181,210,237,6,1.35538,-1,11.94274,7.61006,11942.7373,1683.19006,500.40192,0,0,"plant_1","Beer"
"maize_BEOU_monocrop",2018-12-16,"mai",1810.396,4.66267,0,0,0,17.8,181,210,237,6,1.41841,-1,12.04085,7.66804,12040.85449,1674.0885,487.75696,0,0,"plant_1","2.5D"
"maize_BEOU_monocrop",2018-12-17,"mai",1809.73718,4.66339,0,0,0,17.3,181,210,237,6,1.35538,-1,11.94274,7.61006,11942.7373,1683.19006,500.40192,0,0,"plant_1","Beer"
"maize_BEOU_monocrop",2018-12-17,"mai",1810.396,4.66267,0,0,0,17.3,181,210,237,6,1.41841,-1,12.04085,7.66804,12040.85449,1674.0885,487.75696,0,0,"plant_1","2.5D"
"maize_BEOU_monocrop",2018-12-18,"mai",1809.73718,4.66339,0,0,0,17,181,210,237,6,1.35538,-1,11.94274,7.61006,11942.7373,1683.19006,500.40192,0,0,"plant_1","Beer"
"maize_BEOU_monocrop",2018-12-18,"mai",1810.396,4.66267,0,0,0,17,181,210,237,6,1.41841,-1,12.04085,7.66804,12040.85449,1674.0885,487.75696,0,0,"plant_1","2.5D"
"maize_BEOU_monocrop",2018-12-19,"mai",1809.73718,4.66339,0,0,0,16.5,181,210,237,6,1.35538,-1,11.94274,7.61006,11942.7373,1683.19006,500.40192,0,0,"plant_1","Beer"
"maize_BEOU_monocrop",2018-12-19,"mai",1810.396,4.66267,0,0,0,16.5,181,210,237,6,1.41841,-1,12.04085,7.66804,12040.85449,1674.0885,487.75696,0,0,"plant_1","2.5D"
"maize_BEOU_monocrop",2018-12-20,"mai",1809.73718,4.66339,0,0,0,16.5,181,210,237,6,1.35538,-1,11.94274,7.61006,11942.7373,1683.19006,500.40192,0,0,"plant_1","Beer"
"maize_BEOU_monocrop",2018-12-20,"mai",1810.396,4.66267,0,0,0,16.5,181,210,237,6,1.41841,-1,12.04085,7.66804,12040.85449,1674.0885,487.75696,0,0,"plant_1","2.5D"
"maize_BEOU_monocrop",2018-12-21,"mai",1809.73718,4.66339,0,0,0,17.1,181,210,237,6,1.35538,-1,11.94274,7.61006,11942.7373,1683.19006,500.40192,0,0,"plant_1","Beer"
"maize_BEOU_monocrop",2018-12-21,"mai",1810.396,4.66267,0,0,0,17.1,181,210,237,6,1.41841,-1,12.04085,7.66804,12040.85449,1674.0885,487.75696,0,0,"plant_1","2.5D"
"maize_BEOU_monocrop",2018-12-22,"mai",1809.73718,4.66339,0,0,0,16.6,181,210,237,6,1.35538,-1,11.94274,7.61006,11942.7373,1683.19006,500.40192,0,0,"plant_1","Beer"
"maize_BEOU_monocrop",2018-12-22,"mai",1810.396,4.66267,0,0,0,16.6,181,210,237,6,1.41841,-1,12.04085,7.66804,12040.85449,1674.0885,487.75696,0,0,"plant_1","2.5D"
"maize_BEOU_monocrop",2018-12-23,"mai",1809.73718,4.66339,0,0,0,17.1,181,210,237,6,1.35538,-1,11.94274,7.61006,11942.7373,1683.19006,500.40192,0,0,"plant_1","Beer"
"maize_BEOU_monocrop",2018-12-23,"mai",1810.396,4.66267,0,0,0,17.1,181,210,237,6,1.41841,-1,12.04085,7.66804,12040.85449,1674.0885,487.75696,0,0,"plant_1","2.5D"
"maize_BEOU_monocrop",2018-12-24,"mai",1809.73718,4.66339,0,0,0,17.1,181,210,237,6,1.35538,-1,11.94274,7.61006,11942.7373,1683.19006,500.40192,0,0,"plant_1","Beer"
"maize_BEOU_monocrop",2018-12-24,"mai",1810.396,4.66267,0,0,0,17.1,181,210,237,6,1.41841,-1,12.04085,7.66804,12040.85449,1674.0885,487.75696,0,0,"plant_1","2.5D"
"maize_BEOU_monocrop",2018-12-25,"mai",1809.73718,4.66339,0,0,0,15.9,181,210,237,6,1.35538,-1,11.94274,7.61006,11942.7373,1683.19006,500.40192,0,0,"plant_1","Beer"
"maize_BEOU_monocrop",2018-12-25,"mai",1810.396,4.66267,0,0,0,15.9,181,210,237,6,1.41841,-1,12.04085,7.66804,12040.85449,1674.0885,487.75696,0,0,"plant_1","2.5D"
"maize_BEOU_monocrop",2018-12-26,"mai",1809.73718,4.66339,0,0,0,17,181,210,237,6,1.35538,-1,11.94274,7.61006,11942.7373,1683.19006,500.40192,0,0,"plant_1","Beer"
"maize_BEOU_monocrop",2018-12-26,"mai",1810.396,4.66267,0,0,0,17,181,210,237,6,1.41841,-1,12.04085,7.66804,12040.85449,1674.0885,487.75696,0,0,"plant_1","2.5D"
"maize_BEOU_monocrop",2018-12-27,"mai",1809.73718,4.66339,0,0,0,16.4,181,210,237,6,1.35538,-1,11.94274,7.61006,11942.7373,1683.19006,500.40192,0,0,"plant_1","Beer"
"maize_BEOU_monocrop",2018-12-27,"mai",1810.396,4.66267,0,0,0,16.4,181,210,237,6,1.41841,-1,12.04085,7.66804,12040.85449,1674.0885,487.75696,0,0,"plant_1","2.5D"
"maize_BEOU_monocrop",2018-12-28,"mai",1809.73718,4.66339,0,0,0,16.4,181,210,237,6,1.35538,-1,11.94274,7.61006,11942.7373,1683.19006,500.40192,0,0,"plant_1","Beer"
"maize_BEOU_monocrop",2018-12-28,"mai",1810.396,4.66267,0,0,0,16.4,181,210,237,6,1.41841,-1,12.04085,7.66804,12040.85449,1674.0885,487.75696,0,0,"plant_1","2.5D"
"maize_BEOU_monocrop",2018-12-29,"mai",1809.73718,4.66339,0,0,0,15.2,181,210,237,6,1.35538,-1,11.94274,7.61006,11942.7373,1683.19006,500.40192,0,0,"plant_1","Beer"
"maize_BEOU_monocrop",2018-12-29,"mai",1810.396,4.66267,0,0,0,15.2,181,210,237,6,1.41841,-1,12.04085,7.66804,12040.85449,1674.0885,487.75696,0,0,"plant_1","2.5D"
"maize_BEOU_monocrop",2018-12-30,"mai",1809.73718,4.66339,0,0,0,14.9,181,210,237,6,1.35538,-1,11.94274,7.61006,11942.7373,1683.19006,500.40192,0,0,"plant_1","Beer"
"maize_BEOU_monocrop",2018-12-30,"mai",1810.396,4.66267,0,0,0,14.9,181,210,237,6,1.41841,-1,12.04085,7.66804,12040.85449,1674.0885,487.75696,0,0,"plant_1","2.5D"
"maize_BEOU_monocrop",2018-12-31,"mai",1809.73718,4.66339,0,0,0,15.2,181,210,237,6,1.35538,-1,11.94274,7.61006,11942.7373,1683.19006,500.40192,0,0,"plant_1","Beer"
"maize_BEOU_monocrop",2018-12-31,"mai",1810.396,4.66267,0,0,0,15.2,181,210,237,6,1.41841,-1,12.04085,7.66804,12040.85449,1674.0885,487.75696,0,0,"plant_1","2.5D"
"sorghum_monocrop",2018-05-15,"sor",0,0,0,0,0,23.1,181,226,278,6,0,-1,0,0,0,0,0,0,0,"plant_1","2.5D"
"sorghum_monocrop",2018-05-15,"sor",0,0,0,0,0,23.1,181,226,278,6,0,-1,0,0,0,0,0,0,0,"plant_1","Beer"
"sorghum_monocrop",2018-05-16,"sor",0,0,0,0,0,20.7,181,226,278,6,0,-1,0,0,0,0,0,0,0,"plant_1","2.5D"
"sorghum_monocrop",2018-05-16,"sor",0,0,0,0,0,20.7,181,226,278,6,0,-1,0,0,0,0,0,0,0,"plant_1","Beer"
"sorghum_monocrop",2018-05-17,"sor",0,0,0,0,0,20.6,181,226,278,6,0,-1,0,0,0,0,0,0,0,"plant_1","2.5D"
"sorghum_monocrop",2018-05-17,"sor",0,0,0,0,0,20.6,181,226,278,6,0,-1,0,0,0,0,0,0,0,"plant_1","Beer"
"sorghum_monocrop",2018-05-18,"sor",0,0,0,0,0,18.1,181,226,278,6,0,-1,0,0,0,0,0,0,0,"plant_1","2.5D"
"sorghum_monocrop",2018-05-18,"sor",0,0,0,0,0,18.1,181,226,278,6,0,-1,0,0,0,0,0,0,0,"plant_1","Beer"
"sorghum_monocrop",2018-05-19,"sor",0,0,0,0,0,20.8,181,226,278,6,0,-1,0,0,0,0,0,0,0,"plant_1","2.5D"
"sorghum_monocrop",2018-05-19,"sor",0,0,0,0,0,20.8,181,226,278,6,0,-1,0,0,0,0,0,0,0,"plant_1","Beer"
"sorghum_monocrop",2018-05-20,"sor",0,0,0,0,0,19.4,181,226,278,6,0,-1,0,0,0,0,0,0,0,"plant_1","2.5D"
"sorghum_monocrop",2018-05-20,"sor",0,0,0,0,0,19.4,181,226,278,6,0,-1,0,0,0,0,0,0,0,"plant_1","Beer"
"sorghum_monocrop",2018-05-21,"sor",0,0,0,0,0,14.3,181,226,278,6,0,-1,0,0,0,0,0,0,0,"plant_1","2.5D"
"sorghum_monocrop",2018-05-21,"sor",0,0,0,0,0,14.3,181,226,278,6,0,-1,0,0,0,0,0,0,0,"plant_1","Beer"
"sorghum_monocrop",2018-05-22,"sor",0,0,0,0,0,22,181,226,278,6,0,-1,0,0,0,0,0,0,0,"plant_1","2.5D"
"sorghum_monocrop",2018-05-22,"sor",0,0,0,0,0,22,181,226,278,6,0,-1,0,0,0,0,0,0,0,"plant_1","Beer"
"sorghum_monocrop",2018-05-23,"sor",0,0,0,0,0,19.3,181,226,278,6,0,-1,0,0,0,0,0,0,0,"plant_1","2.5D"
"sorghum_monocrop",2018-05-23,"sor",0,0,0,0,0,19.3,181,226,278,6,0,-1,0,0,0,0,0,0,0,"plant_1","Beer"
"sorghum_monocrop",2018-05-24,"sor",0,0,0,0,0,21.9,181,226,278,6,0,-1,0,0,0,0,0,0,0,"plant_1","2.5D"
"sorghum_monocrop",2018-05-24,"sor",0,0,0,0,0,21.9,181,226,278,6,0,-1,0,0,0,0,0,0,0,"plant_1","Beer"
"sorghum_monocrop",2018-05-25,"sor",0,0,0,0,0,20.2,181,226,278,6,0,-1,0,0,0,0,0,0,0,"plant_1","2.5D"
"sorghum_monocrop",2018-05-25,"sor",0,0,0,0,0,20.2,181,226,278,6,0,-1,0,0,0,0,0,0,0,"plant_1","Beer"
"sorghum_monocrop",2018-05-26,"sor",0,0,0,0,0,16.9,181,226,278,6,0,-1,0,0,0,0,0,0,0,"plant_1","2.5D"
"sorghum_monocrop",2018-05-26,"sor",0,0,0,0,0,16.9,181,226,278,6,0,-1,0,0,0,0,0,0,0,"plant_1","Beer"
"sorghum_monocrop",2018-05-27,"sor",0,0,0,0,0,22,181,226,278,6,0,-1,0,0,0,0,0,0,0,"plant_1","2.5D"
"sorghum_monocrop",2018-05-27,"sor",0,0,0,0,0,22,181,226,278,6,0,-1,0,0,0,0,0,0,0,"plant_1","Beer"
"sorghum_monocrop",2018-05-28,"sor",0,0,0,0,0,15.6,181,226,278,6,0,-1,0,0,0,0,0,0,0,"plant_1","2.5D"
"sorghum_monocrop",2018-05-28,"sor",0,0,0,0,0,15.6,181,226,278,6,0,-1,0,0,0,0,0,0,0,"plant_1","Beer"
"sorghum_monocrop",2018-05-29,"sor",0,0,0,0,0,21.2,181,226,278,6,0,-1,0,0,0,0,0,0,0,"plant_1","2.5D"
"sorghum_monocrop",2018-05-29,"sor",0,0,0,0,0,21.2,181,226,278,6,0,-1,0,0,0,0,0,0,0,"plant_1","Beer"
"sorghum_monocrop",2018-05-30,"sor",0,0,0,0,0,8.9,181,226,278,6,0,-1,0,0,0,0,0,0,0,"plant_1","2.5D"
"sorghum_monocrop",2018-05-30,"sor",0,0,0,0,0,8.9,181,226,278,6,0,-1,0,0,0,0,0,0,0,"plant_1","Beer"
"sorghum_monocrop",2018-05-31,"sor",0,0,0,0,0,21.4,181,226,278,6,0,-1,0,0,0,0,0,0,0,"plant_1","2.5D"
"sorghum_monocrop",2018-05-31,"sor",0,0,0,0,0,21.4,181,226,278,6,0,-1,0,0,0,0,0,0,0,"plant_1","Beer"
"sorghum_monocrop",2018-06-01,"sor",0,0,0,0,0,12,181,226,278,6,0,-1,0,0,0,0,0,0,0,"plant_1","2.5D"
"sorghum_monocrop",2018-06-01,"sor",0,0,0,0,0,12,181,226,278,6,0,-1,0,0,0,0,0,0,0,"plant_1","Beer"
"sorghum_monocrop",2018-06-02,"sor",0,0,0,0,0,22.8,181,226,278,6,0,-1,0,0,0,0,0,0,0,"plant_1","2.5D"
"sorghum_monocrop",2018-06-02,"sor",0,0,0,0,0,22.8,181,226,278,6,0,-1,0,0,0,0,0,0,0,"plant_1","Beer"
"sorghum_monocrop",2018-06-03,"sor",0,0,0,0,0,21.6,181,226,278,6,0,-1,0,0,0,0,0,0,0,"plant_1","2.5D"
"sorghum_monocrop",2018-06-03,"sor",0,0,0,0,0,21.6,181,226,278,6,0,-1,0,0,0,0,0,0,0,"plant_1","Beer"
"sorghum_monocrop",2018-06-04,"sor",0,0,0,0,0,11.9,181,226,278,6,0,-1,0,0,0,0,0,0,0,"plant_1","2.5D"
"sorghum_monocrop",2018-06-04,"sor",0,0,0,0,0,11.9,181,226,278,6,0,-1,0,0,0,0,0,0,0,"plant_1","Beer"
"sorghum_monocrop",2018-06-05,"sor",0,0,0,0,0,15.5,181,226,278,6,0,-1,0,0,0,0,0,0,0,"plant_1","2.5D"
"sorghum_monocrop",2018-06-05,"sor",0,0,0,0,0,15.5,181,226,278,6,0,-1,0,0,0,0,0,0,0,"plant_1","Beer"
"sorghum_monocrop",2018-06-06,"sor",0,0,0,0,0,17.2,181,226,278,6,0,-1,0,0,0,0,0,0,0,"plant_1","2.5D"
"sorghum_monocrop",2018-06-06,"sor",0,0,0,0,0,17.2,181,226,278,6,0,-1,0,0,0,0,0,0,0,"plant_1","Beer"
"sorghum_monocrop",2018-06-07,"sor",0,0,0,0,0,21,181,226,278,6,0,-1,0,0,0,0,0,0,0,"plant_1","2.5D"
"sorghum_monocrop",2018-06-07,"sor",0,0,0,0,0,21,181,226,278,6,0,-1,0,0,0,0,0,0,0,"plant_1","Beer"
"sorghum_monocrop",2018-06-08,"sor",0,0,0,0,0,23,181,226,278,6,0,-1,0,0,0,0,0,0,0,"plant_1","2.5D"
"sorghum_monocrop",2018-06-08,"sor",0,0,0,0,0,23,181,226,278,6,0,-1,0,0,0,0,0,0,0,"plant_1","Beer"
"sorghum_monocrop",2018-06-09,"sor",0,0,0,0,0,18,181,226,278,6,0,-1,0,0,0,0,0,0,0,"plant_1","2.5D"
"sorghum_monocrop",2018-06-09,"sor",0,0,0,0,0,18,181,226,278,6,0,-1,0,0,0,0,0,0,0,"plant_1","Beer"
"sorghum_monocrop",2018-06-10,"sor",0,0,0,0,0,10.7,181,226,278,6,0,-1,0,0,0,0,0,0,0,"plant_1","2.5D"
"sorghum_monocrop",2018-06-10,"sor",0,0,0,0,0,10.7,181,226,278,6,0,-1,0,0,0,0,0,0,0,"plant_1","Beer"
"sorghum_monocrop",2018-06-11,"sor",0,0,0,0,0,16.3,181,226,278,6,0,-1,0,0,0,0,0,0,0,"plant_1","2.5D"
"sorghum_monocrop",2018-06-11,"sor",0,0,0,0,0,16.3,181,226,278,6,0,-1,0,0,0,0,0,0,0,"plant_1","Beer"
"sorghum_monocrop",2018-06-12,"sor",0,0,0,0,0,23.7,181,226,278,6,0,-1,0,0,0,0,0,0,0,"plant_1","2.5D"
"sorghum_monocrop",2018-06-12,"sor",0,0,0,0,0,23.7,181,226,278,6,0,-1,0,0,0,0,0,0,0,"plant_1","Beer"
"sorghum_monocrop",2018-06-13,"sor",0,0,0,0,0,19.4,181,226,278,6,0,-1,0,0,0,0,0,0,0,"plant_1","2.5D"
"sorghum_monocrop",2018-06-13,"sor",0,0,0,0,0,19.4,181,226,278,6,0,-1,0,0,0,0,0,0,0,"plant_1","Beer"
"sorghum_monocrop",2018-06-14,"sor",0,0,0,0,0,9.1,181,226,278,6,0,-1,0,0,0,0,0,0,0,"plant_1","2.5D"
"sorghum_monocrop",2018-06-14,"sor",0,0,0,0,0,9.1,181,226,278,6,0,-1,0,0,0,0,0,0,0,"plant_1","Beer"
"sorghum_monocrop",2018-06-15,"sor",0,0,0,0,0,19.4,181,226,278,6,0,-1,0,0,0,0,0,0,0,"plant_1","2.5D"
"sorghum_monocrop",2018-06-15,"sor",0,0,0,0,0,19.4,181,226,278,6,0,-1,0,0,0,0,0,0,0,"plant_1","Beer"
"sorghum_monocrop",2018-06-16,"sor",0,0,0,0,0,23.2,181,226,278,6,0,-1,0,0,0,0,0,0,0,"plant_1","2.5D"
"sorghum_monocrop",2018-06-16,"sor",0,0,0,0,0,23.2,181,226,278,6,0,-1,0,0,0,0,0,0,0,"plant_1","Beer"
"sorghum_monocrop",2018-06-17,"sor",0,0,0,0,0,20.4,181,226,278,6,0,-1,0,0,0,0,0,0,0,"plant_1","2.5D"
"sorghum_monocrop",2018-06-17,"sor",0,0,0,0,0,20.4,181,226,278,6,0,-1,0,0,0,0,0,0,0,"plant_1","Beer"
"sorghum_monocrop",2018-06-18,"sor",0,0,0,0,0,18.2,181,226,278,6,0,-1,0,0,0,0,0,0,0,"plant_1","2.5D"
"sorghum_monocrop",2018-06-18,"sor",0,0,0,0,0,18.2,181,226,278,6,0,-1,0,0,0,0,0,0,0,"plant_1","Beer"
"sorghum_monocrop",2018-06-19,"sor",0,0,0,0,0,18.5,181,226,278,6,0,-1,0,0,0,0,0,0,0,"plant_1","2.5D"
"sorghum_monocrop",2018-06-19,"sor",0,0,0,0,0,18.5,181,226,278,6,0,-1,0,0,0,0,0,0,0,"plant_1","Beer"
"sorghum_monocrop",2018-06-20,"sor",0,0,0,0,0,18.7,181,226,278,6,0,-1,0,0,0,0,0,0,0,"plant_1","2.5D"
"sorghum_monocrop",2018-06-20,"sor",0,0,0,0,0,18.7,181,226,278,6,0,-1,0,0,0,0,0,0,0,"plant_1","Beer"
"sorghum_monocrop",2018-06-21,"sor",0,0,0,0,0,19,181,226,278,6,0,-1,0,0,0,0,0,0,0,"plant_1","2.5D"
"sorghum_monocrop",2018-06-21,"sor",0,0,0,0,0,19,181,226,278,6,0,-1,0,0,0,0,0,0,0,"plant_1","Beer"
"sorghum_monocrop",2018-06-22,"sor",0,0,0,0,0,9.9,181,226,278,6,0,-1,0,0,0,0,0,0,0,"plant_1","2.5D"
"sorghum_monocrop",2018-06-22,"sor",0,0,0,0,0,9.9,181,226,278,6,0,-1,0,0,0,0,0,0,0,"plant_1","Beer"
"sorghum_monocrop",2018-06-23,"sor",0,0,0,0,0,16.3,181,226,278,6,0,-1,0,0,0,0,0,0,0,"plant_1","2.5D"
"sorghum_monocrop",2018-06-23,"sor",0,0,0,0,0,16.3,181,226,278,6,0,-1,0,0,0,0,0,0,0,"plant_1","Beer"
"sorghum_monocrop",2018-06-24,"sor",0,0,0,0,0,12.7,181,226,278,6,0,-1,0,0,0,0,0,0,0,"plant_1","2.5D"
"sorghum_monocrop",2018-06-24,"sor",0,0,0,0,0,12.7,181,226,278,6,0,-1,0,0,0,0,0,0,0,"plant_1","Beer"
"sorghum_monocrop",2018-06-25,"sor",0,0,0,0,0,21.3,181,226,278,6,0,-1,0,0,0,0,0,0,0,"plant_1","2.5D"
"sorghum_monocrop",2018-06-25,"sor",0,0,0,0,0,21.3,181,226,278,6,0,-1,0,0,0,0,0,0,0,"plant_1","Beer"
"sorghum_monocrop",2018-06-26,"sor",0,0,0,0,0,22.8,181,226,278,6,0,0,0,0,0,0,0,0,0,"plant_1","2.5D"
"sorghum_monocrop",2018-06-26,"sor",0,0,0,0,0,22.8,181,226,278,6,0,0,0,0,0,0,0,0,0,"plant_1","Beer"
"sorghum_monocrop",2018-06-27,"sor",18.60279,0,0,0,0,8.7,181,226,278,6,0,0,0,0,0,0,0,0,0,"plant_1","2.5D"
"sorghum_monocrop",2018-06-27,"sor",18.60279,0,0,0,0,8.7,181,226,278,6,0,0,0,0,0,0,0,0,0,"plant_1","Beer"
"sorghum_monocrop",2018-06-28,"sor",32.21279,0,0,0,0,19.3,181,226,278,6,0,0,0,0,0,0,0,0,0,"plant_1","2.5D"
"sorghum_monocrop",2018-06-28,"sor",32.21279,0,0,0,0,19.3,181,226,278,6,0,0,0,0,0,0,0,0,0,"plant_1","Beer"
"sorghum_monocrop",2018-06-29,"sor",49.57279,0,0,0,0,22.5,181,226,278,6,0,0,0,0,0,0,0,0,0,"plant_1","2.5D"
"sorghum_monocrop",2018-06-29,"sor",49.57279,0,0,0,0,22.5,181,226,278,6,0,0,0,0,0,0,0,0,0,"plant_1","Beer"
"sorghum_monocrop",2018-06-30,"sor",66.54882,2e-05,0,0.04565,0,21.1,181,226,278,5.4,0.01,9,0,0,5e-05,5e-05,0,0,0,"plant_1","2.5D"
"sorghum_monocrop",2018-06-30,"sor",66.54882,2e-05,0,0.04565,0.00015,21.1,181,226,278,5.4,0.01,9,0,0,0.00221,0.00221,0,0,0,"plant_1","Beer"
"sorghum_monocrop",2018-07-01,"sor",77.65726,0.00037,0,0.04961,4e-05,11.3,181,226,278,5.4,0.01,9,0,0,0.00059,0.00059,0,0,0,"plant_1","2.5D"
"sorghum_monocrop",2018-07-01,"sor",77.65726,0.00037,0,0.04961,0.00133,11.3,181,226,278,5.4,0.01,9,2e-05,2e-05,0.02237,0.02237,0,0,0,"plant_1","Beer"
"sorghum_monocrop",2018-07-02,"sor",88.81105,0.00075,0,0.05237,0.00011,17.4,181,226,278,5.4,0.01,9,0,0,0.00218,0.00218,0,0,0,"plant_1","2.5D"
"sorghum_monocrop",2018-07-02,"sor",88.81105,0.00075,0,0.05237,0.00416,17.4,181,226,278,5.4,0.01,9,9e-05,9e-05,0.08562,0.08562,0,0,0,"plant_1","Beer"
"sorghum_monocrop",2018-07-03,"sor",101.44854,0.00124,0,0.0553,0.00021,22.6,181,226,278,5.4,0.01,9,1e-05,1e-05,0.00533,0.00533,0,0,0,"plant_1","2.5D"
"sorghum_monocrop",2018-07-03,"sor",101.44854,0.00124,0,0.0553,0.00891,22.6,181,226,278,5.4,0.01,9,0.00022,0.00022,0.21896,0.21896,0,0,0,"plant_1","Beer"
"sorghum_monocrop",2018-07-04,"sor",113.71101,0.00176,0,0.05882,0.00025,14.8,181,226,278,5.4,0.01,9,1e-05,1e-05,0.0091,0.0091,0,0,0,"plant_1","2.5D"
"sorghum_monocrop",2018-07-04,"sor",113.71101,0.00176,0,0.05882,0.00832,14.8,181,226,278,5.4,0.01,9,0.00034,0.00034,0.34421,0.34421,0,0,0,"plant_1","Beer"
"sorghum_monocrop",2018-07-05,"sor",124.44135,0.00226,0,0.06243,0.00044,23,181,226,278,5.4,0.01,9,2e-05,2e-05,0.0158,0.0158,0,0,0,"plant_1","2.5D"
"sorghum_monocrop",2018-07-05,"sor",124.44135,0.00226,0,0.06243,0.01661,23,181,226,278,5.4,0.01063,9,6e-04,6e-04,0.59675,0.59675,0,0,0,"plant_1","Beer"
"sorghum_monocrop",2018-07-06,"sor",137.17958,0.00294,0,0.06577,0.00059,21.5,181,226,278,5.4,0.01,9,2e-05,2e-05,0.02458,0.02458,0,0,0,"plant_1","2.5D"
"sorghum_monocrop",2018-07-06,"sor",137.17958,0.00294,0,0.06577,0.02018,21.5,181,226,278,5.4,0.01269,9,9e-04,9e-04,0.89833,0.89833,0,0,0,"plant_1","Beer"
"sorghum_monocrop",2018-07-07,"sor",150.33777,0.00374,0,0.06996,0.00074,18.9,181,226,278,5.4,0.01,9,4e-05,4e-05,0.03559,0.03559,0,0,0,"plant_1","2.5D"
"sorghum_monocrop",2018-07-07,"sor",150.33777,0.00374,0,0.06996,0.02254,18.9,181,226,278,5.4,0.01406,9,0.00123,0.00123,1.23229,1.23229,0,0,0,"plant_1","Beer"
"sorghum_monocrop",2018-07-08,"sor",161.74518,0.0045,0,0.07457,0.00097,19.5,181,226,278,5.4,0.01,9,5e-05,5e-05,0.05034,0.05034,0,0,0,"plant_1","2.5D"
"sorghum_monocrop",2018-07-08,"sor",161.74518,0.0045,0,0.07457,0.02799,19.5,181,226,278,5.4,0.01788,9,0.00166,0.00166,1.65697,1.65697,0,0,0,"plant_1","Beer"
"sorghum_monocrop",2018-07-09,"sor",175.05937,0.00553,0,0.07879,0.00138,23.3,181,226,278,5.4,0.01,9,7e-05,7e-05,0.07075,0.07075,0,0,0,"plant_1","2.5D"
"sorghum_monocrop",2018-07-09,"sor",175.05937,0.00553,0,0.07879,0.04103,23.3,181,226,278,5.4,0.02551,9,0.00226,0.00226,2.2629,2.21072,0.05218,0,0,"plant_1","Beer"
"sorghum_monocrop",2018-07-10,"sor",187.90118,0.00664,0,0.08401,0.00175,22.6,181,226,278,5.4,0.01,9,1e-04,1e-04,0.09692,0.09692,0,0,0,"plant_1","2.5D"
"sorghum_monocrop",2018-07-10,"sor",187.90118,0.00664,0,0.08401,0.04782,22.6,181,226,278,5.4,0.03003,9,0.00298,0.00298,2.97629,2.65766,0.31863,0,0,"plant_1","Beer"
"sorghum_monocrop",2018-07-11,"sor",202.69051,0.00815,0,0.08936,0.00199,17.6,181,226,278,5.4,0.01,9,0.00013,0.00013,0.12511,0.12511,0,0,0,"plant_1","2.5D"
"sorghum_monocrop",2018-07-11,"sor",202.69051,0.00815,0,0.08936,0.04564,17.6,181,226,278,5.4,0.02716,9,0.00362,0.00362,3.62157,3.25871,0.36286,0,0,"plant_1","Beer"
"sorghum_monocrop",2018-07-12,"sor",216.67061,0.00978,0,0.09593,0.00272,19.3,181,226,278,5.4,0.01,9,0.00016,0.00016,0.16473,0.16473,0,0,0,"plant_1","2.5D"
"sorghum_monocrop",2018-07-12,"sor",216.67061,0.00978,0,0.09593,0.06002,19.3,181,226,278,5.4,0.03672,9,0.00449,0.00449,4.49398,3.91041,0.58357,0,0,"plant_1","Beer"
"sorghum_monocrop",2018-07-13,"sor",230.35387,0.0116,0,0.10255,0.00332,18.1,181,226,278,5.4,0.01,9,0.00021,0.00021,0.21361,0.21361,0,0,0,"plant_1","2.5D"
"sorghum_monocrop",2018-07-13,"sor",230.35387,0.0116,0,0.10255,0.06677,18.1,181,226,278,5.4,0.04121,9,0.00547,0.00547,5.47302,4.64185,0.83118,0,0,"plant_1","Beer"
"sorghum_monocrop",2018-07-14,"sor",245.18848,0.01392,0,0.10946,0.00483,22.5,181,226,278,5.4,0.01,9,0.00028,0.00028,0.28225,0.28225,0,0,0,"plant_1","2.5D"
"sorghum_monocrop",2018-07-14,"sor",245.18848,0.01392,0,0.10946,0.09949,22.5,181,226,278,5.4,0.05919,9,0.00688,0.00688,6.87907,5.56792,1.31114,0,0,"plant_1","Beer"
"sorghum_monocrop",2018-07-15,"sor",258.88165,0.01637,0,0.11745,0.00287,8.3,181,226,278,5.4,0.01,9,0.00032,0.00032,0.32455,0.32455,0,0,0,"plant_1","2.5D"
"sorghum_monocrop",2018-07-15,"sor",258.88165,0.01637,0,0.11745,0.04311,8.3,181,226,278,5.4,0.02668,9,0.00751,0.00751,7.51299,6.54641,0.96658,0,0,"plant_1","Beer"
"sorghum_monocrop",2018-07-16,"sor",269.7742,0.01851,0,0.12531,0.00485,12.1,181,226,278,5.4,0.01,9,4e-04,4e-04,0.39823,0.39823,0,0,0,"plant_1","2.5D"
"sorghum_monocrop",2018-07-16,"sor",269.7742,0.01851,0,0.12531,0.07102,12.1,181,226,278,5.4,0.0453,9,0.00859,0.00859,8.58904,7.403,1.18605,0,0,"plant_1","Beer"
"sorghum_monocrop",2018-07-17,"sor",282.71338,0.02144,0,0.13191,0.00635,13.2,181,226,278,5.4,0.01,9,0.00049,0.00049,0.49335,0.49335,0,0,0,"plant_1","2.5D"
"sorghum_monocrop",2018-07-17,"sor",282.71338,0.02144,0,0.13191,0.08968,13.2,181,226,278,5.4,0.05632,9,0.00993,0.00993,9.92703,8.57753,1.34949,0,0,"plant_1","Beer"
"sorghum_monocrop",2018-07-18,"sor",293.22305,0.02406,0,0.14018,0.007,12,181,226,278,5.4,0.01,9,6e-04,6e-04,0.59939,0.59939,0,0,0,"plant_1","2.5D"
"sorghum_monocrop",2018-07-18,"sor",293.22305,0.02406,0,0.14018,0.09139,12,181,226,278,5.4,0.05801,9,0.01131,0.01131,11.30511,9.62391,1.6812,0,0,"plant_1","Beer"
"sorghum_monocrop",2018-07-19,"sor",302.83102,0.02668,0,0.14725,0.02252,20,181,226,278,5.4,0.01407,9,0.00093,0.00093,0.93367,0.93367,0,0,0,"plant_1","2.5D"
"sorghum_monocrop",2018-07-19,"sor",302.83102,0.02668,0,0.14725,0.16872,20,181,226,278,5.4,0.10458,9,0.01379,0.01379,13.78946,10.67045,2.72775,0,0,"plant_1","Beer"
"sorghum_monocrop",2018-07-20,"sor",314.15555,0.03018,0,0.154,0.02758,17.4,181,226,278,5.4,0.01764,9,0.00135,0.00135,1.35265,1.35265,0,0,0,"plant_1","2.5D"
"sorghum_monocrop",2018-07-20,"sor",314.15555,0.03018,0,0.154,0.16586,17.4,181,226,278,5.4,0.10528,9,0.01629,0.01629,16.29045,12.07175,4.12906,0,0,"plant_1","Beer"
"sorghum_monocrop",2018-07-21,"sor",326.64444,0.03459,0,0.16232,0.03219,14.8,181,226,278,5.4,0.02045,9,0.00184,0.00184,1.83844,1.83844,0,0,0,"plant_1","2.5D"
"sorghum_monocrop",2018-07-21,"sor",326.64444,0.03459,0,0.16232,0.16146,14.8,181,226,278,5.4,0.10185,9,0.01871,0.01871,18.71,13.83745,4.87254,0,0,"plant_1","Beer"
"sorghum_monocrop",2018-07-22,"sor",338.2316,0.03917,0,0.17198,0.08439,23.3,181,226,278,5.4,0.05378,9,0.00312,0.00312,3.11617,3.11617,0,0,0,"plant_1","2.5D"
"sorghum_monocrop",2018-07-22,"sor",338.2316,0.03917,0,0.17198,0.28739,23.3,181,226,278,5.4,0.18115,9,0.02301,0.02301,23.01339,15.66955,6.70464,0,0,"plant_1","Beer"
"sorghum_monocrop",2018-07-23,"sor",350.61481,0.04474,0,0.18141,0.0871,19.7,181,226,278,5.4,0.05527,9,0.00443,0.00443,4.42911,4.42911,0,0,0,"plant_1","2.5D"
"sorghum_monocrop",2018-07-23,"sor",350.61481,0.04474,0,0.18141,0.27699,19.7,181,226,278,5.4,0.17394,9,0.02715,0.02715,27.14562,17.89718,8.93227,0,0,"plant_1","Beer"
"sorghum_monocrop",2018-07-24,"sor",365.38757,0.05253,0,0.19201,0.13846,22.5,181,226,278,5.4,0.08366,9,0.00642,0.00642,6.41662,6.41662,0,0,0,"plant_1","2.5D"
"sorghum_monocrop",2018-07-24,"sor",365.38757,0.05253,0,0.19201,0.37042,22.5,181,226,278,5.4,0.22098,9,0.0324,0.0324,32.39526,21.01225,11.38301,0,0,"plant_1","Beer"
"sorghum_monocrop",2018-07-25,"sor",379.70496,0.06122,0,0.20539,0.08284,12,181,226,278,5.4,0.05093,9,0.00763,0.00763,7.6265,7.6265,0,0,0,"plant_1","2.5D"
"sorghum_monocrop",2018-07-25,"sor",379.70496,0.06122,0,0.20539,0.22954,12,181,226,278,5.4,0.13999,9,0.03572,0.03572,35.72099,24.48766,11.23333,0,0,"plant_1","Beer"
"sorghum_monocrop",2018-07-26,"sor",390.11557,0.06806,0,0.21915,0.12487,14.4,181,226,278,5.4,0.07866,9,0.0095,0.0095,9.49509,9.49509,0,0,0,"plant_1","2.5D"
"sorghum_monocrop",2018-07-26,"sor",390.11557,0.06806,0,0.21915,0.30552,14.4,181,226,278,5.4,0.19055,9,0.04025,0.04025,40.24771,27.22598,13.02173,0,0,"plant_1","Beer"
"sorghum_monocrop",2018-07-27,"sor",402.17627,0.07708,0,0.22966,0.10168,10.1,181,226,278,5.4,0.06469,9,0.01103,0.01103,11.0318,11.0318,0,0,0,"plant_1","2.5D"
"sorghum_monocrop",2018-07-27,"sor",402.17627,0.07708,0,0.22966,0.24191,10.1,181,226,278,5.4,0.15272,9,0.04388,0.04388,43.87579,30.83169,13.0441,0,0,"plant_1","Beer"
"sorghum_monocrop",2018-07-28,"sor",412.66342,0.08566,0,0.2424,0.29638,22,181,226,278,5.4,0.18494,9,0.01543,0.01543,15.42526,15.42526,0,0,0,"plant_1","2.5D"
"sorghum_monocrop",2018-07-28,"sor",412.66342,0.08566,0,0.2424,0.58383,22,181,226,278,5.4,0.35852,9,0.05239,0.05239,52.39304,34.26242,16.47484,0,0,"plant_1","Beer"
"sorghum_monocrop",2018-07-29,"sor",425.13736,0.09729,0,0.25397,0.18626,12.7,181,226,278,5.4,0.11772,9,0.01822,0.01822,18.22179,18.22179,0,0,0,"plant_1","2.5D"
"sorghum_monocrop",2018-07-29,"sor",425.13736,0.09729,0,0.25397,0.38126,12.7,181,226,278,5.4,0.23838,9,0.05806,0.05806,58.0562,38.91515,19.14105,0,0,"plant_1","Beer"
"sorghum_monocrop",2018-07-30,"sor",436.09216,0.1085,0,0.26837,0.28615,16.1,181,226,278,5.4,0.1797,9,0.02249,0.02249,22.4909,22.4909,0,0,0,"plant_1","2.5D"
"sorghum_monocrop",2018-07-30,"sor",436.09216,0.1085,0,0.26837,0.53694,16.1,181,226,278,5.4,0.33253,9,0.06596,0.06596,65.95605,43.39929,22.55676,0,0,"plant_1","Beer"
"sorghum_monocrop",2018-07-31,"sor",447.79065,0.1219,0,0.28159,0.47725,21.9,181,226,278,5.4,0.29776,9,0.02956,0.02956,29.56463,29.56463,0,0,0,"plant_1","2.5D"
"sorghum_monocrop",2018-07-31,"sor",447.79065,0.1219,0,0.28159,0.81677,21.9,181,226,278,5.4,0.49994,9,0.07783,0.07783,77.83277,48.75817,27.91564,0,0,"plant_1","Beer"
"sorghum_monocrop",2018-08-01,"sor",458.83066,0.1358,0,0.29632,0.37593,15.7,181,226,278,5.4,0.23492,9,0.03515,0.03515,35.14545,35.14545,0,0,0,"plant_1","2.5D"
"sorghum_monocrop",2018-08-01,"sor",458.83066,0.1358,0,0.29632,0.64922,15.7,181,226,278,5.4,0.39955,9,0.08732,0.08732,87.32462,54.32115,33.00346,0,0,"plant_1","Beer"
"sorghum_monocrop",2018-08-02,"sor",470.52847,0.15222,0,0.31081,0.45718,16.4,181,226,278,5.4,0.28554,9,0.04193,0.04193,41.92887,41.92887,0,0,0,"plant_1","2.5D"
"sorghum_monocrop",2018-08-02,"sor",470.52847,0.15222,0,0.31081,0.75586,16.4,181,226,278,5.4,0.46423,9,0.09835,0.09835,98.35315,60.88768,37.46547,0,0,"plant_1","Beer"
"sorghum_monocrop",2018-08-03,"sor",482.05063,0.17007,0,0.32681,0.54532,16.9,181,226,278,5.4,0.33868,9,0.04997,0.04997,49.97461,49.97461,0,0,0,"plant_1","2.5D"
"sorghum_monocrop",2018-08-03,"sor",482.05063,0.17007,0,0.32681,0.86491,16.9,181,226,278,5.4,0.52755,9,0.11089,0.11089,110.88583,68.02644,42.8594,0,0,"plant_1","Beer"
"sorghum_monocrop",2018-08-04,"sor",494.892,0.19241,0,0.34324,0.36133,10,181,226,278,5.4,0.22605,9,0.05534,0.05534,55.34484,55.34484,0,0,0,"plant_1","2.5D"
"sorghum_monocrop",2018-08-04,"sor",494.892,0.19241,0,0.34324,0.57461,10,181,226,278,5.4,0.35523,9,0.11932,0.11932,119.32496,76.964,42.36095,0,0,"plant_1","Beer"
"sorghum_monocrop",2018-08-05,"sor",505.79208,0.2129,0,0.36233,1.01233,22.9,181,226,278,5.4,0.60754,9,0.06978,0.06978,69.77797,69.77797,0,0,0,"plant_1","2.5D"
"sorghum_monocrop",2018-08-05,"sor",505.79208,0.2129,0,0.36233,1.44582,22.9,181,226,278,5.4,0.84608,9,0.13942,0.13942,139.42477,85.15983,50.55678,0,0,"plant_1","Beer"
"sorghum_monocrop",2018-08-06,"sor",517.68323,0.23763,0,0.37921,0.93059,18.9,181,226,278,5.4,0.56589,9,0.08322,0.08322,83.22153,83.22153,0,0,0,"plant_1","2.5D"
"sorghum_monocrop",2018-08-06,"sor",517.68323,0.23763,0,0.37921,1.32071,18.9,181,226,278,5.4,0.78519,9,0.15808,0.15808,158.07812,95.05235,60.4493,0,0,"plant_1","Beer"
"sorghum_monocrop",2018-08-07,"sor",530.59711,0.26747,0,0.39832,0.58846,10.8,181,226,278,5.4,0.36374,9,0.09186,0.09186,91.86278,91.86278,0,0,0,"plant_1","2.5D"
"sorghum_monocrop",2018-08-07,"sor",530.59711,0.26747,0,0.39832,0.84088,10.8,181,226,278,5.4,0.51241,9,0.17025,0.17025,170.25108,106.98622,63.26486,0,0,"plant_1","Beer"
"sorghum_monocrop",2018-08-08,"sor",541.6731,0.29492,0,0.41993,1.15177,18.2,181,226,278,5.4,0.68613,9,0.10816,0.10816,108.16293,108.16293,0,0,0,"plant_1","2.5D"
"sorghum_monocrop",2018-08-08,"sor",541.6731,0.29492,0,0.41993,1.54802,18.2,181,226,278,5.4,0.90101,9,0.19166,0.19166,191.6559,117.96651,73.68939,0,0,"plant_1","Beer"
"sorghum_monocrop",2018-08-09,"sor",553.56342,0.32714,0,0.43918,1.53776,21.4,181,226,278,5.4,0.90228,9,0.1296,0.1296,129.59789,129.59789,0,0,0,"plant_1","2.5D"
"sorghum_monocrop",2018-08-09,"sor",553.56342,0.32714,0,0.43918,1.99725,21.4,181,226,278,5.4,1.13996,9,0.21874,0.21874,218.73738,130.85626,86.57915,0,0,"plant_1","Beer"
"sorghum_monocrop",2018-08-10,"sor",566.84314,0.36681,0,0.46057,1.40351,17.5,181,226,278,5.4,0.82658,9,0.14923,0.14923,149.23447,146.72548,2.509,0,0,"plant_1","2.5D"
"sorghum_monocrop",2018-08-10,"sor",566.84314,0.36681,0,0.46057,1.8071,17.5,181,226,278,5.4,1.039,9,0.24342,0.24342,243.42043,146.72548,96.69495,0,0,"plant_1","Beer"
"sorghum_monocrop",2018-08-11,"sor",579.47699,0.40759,0,0.48537,1.18138,13.3,181,226,278,5.4,0.70768,9,0.16605,0.16605,166.04654,163.03493,3.01161,0,0,"plant_1","2.5D"
"sorghum_monocrop",2018-08-11,"sor",579.47699,0.40759,0,0.48537,1.5054,13.3,181,226,278,5.4,0.88482,9,0.26444,0.26444,264.44055,163.03493,101.40563,0,0,"plant_1","Beer"
"sorghum_monocrop",2018-08-12,"sor",592.46039,0.45297,0,0.50985,1.83474,18.2,181,226,278,5.4,1.05607,9,0.19114,0.19114,191.13512,181.1893,9.94582,0,0,"plant_1","2.5D"
"sorghum_monocrop",2018-08-12,"sor",592.46039,0.45297,0,0.50985,2.25513,18.2,181,226,278,5.4,1.26512,9,0.2945,0.2945,294.4953,181.1893,113.30602,0,0,"plant_1","Beer"
"sorghum_monocrop",2018-08-13,"sor",605.0119,0.49994,0,0.5359,2.46868,21.9,181,226,278,5.4,1.36889,9,0.22366,0.22366,223.65517,199.97697,23.67818,0,0,"plant_1","2.5D"
"sorghum_monocrop",2018-08-13,"sor",605.0119,0.49994,0,0.5359,2.94882,21.9,181,226,278,5.4,1.58587,9,0.33217,0.33217,332.16995,199.97697,132.0937,0,0,"plant_1","Beer"
"sorghum_monocrop",2018-08-14,"sor",617.38556,0.54059,0,0.56194,2.49901,20.5,181,226,278,5.4,3.1974,35,0.29961,0.29961,299.61404,216.237,39.9382,0,0,"plant_1","2.5D"
"sorghum_monocrop",2018-08-14,"sor",617.38556,0.54704,0,0.56194,2.97394,20.5,181,226,278,5.4,3.75589,35,0.4214,0.4214,421.39676,218.81432,150.93103,0,0,"plant_1","Beer"
"sorghum_monocrop",2018-08-15,"sor",630.33905,0.59977,0,0.58842,1.82916,11.7,181,226,278,5.4,2.38068,35,0.47795,0.47795,477.9534,239.90749,172.0242,0,0,"plant_1","Beer"
"sorghum_monocrop",2018-08-15,"sor",630.3407,0.59333,0,0.58842,1.54054,11.7,181,226,278,5.4,2.02049,35,0.34761,0.34761,347.61374,237.33305,61.03426,0,0,"plant_1","2.5D"
"sorghum_monocrop",2018-08-16,"sor",643.96326,0.65754,0,0.617,4.03716,24,181,226,278,5.4,4.92642,35,0.59499,0.59499,594.98773,263.01666,195.13339,0,0,"plant_1","Beer"
"sorghum_monocrop",2018-08-16,"sor",643.9649,0.65111,0,0.617,3.5263,24,181,226,278,5.4,4.36544,35,0.45132,0.45132,451.32126,260.44238,84.14358,0,0,"plant_1","2.5D"
"sorghum_monocrop",2018-08-17,"sor",657.64642,0.71768,0,0.64797,3.92572,21.8,181,226,278,5.4,4.80559,35,0.70915,0.70915,709.15161,287.07343,219.19016,0,0,"plant_1","Beer"
"sorghum_monocrop",2018-08-17,"sor",657.64807,0.71125,0,0.64797,3.46877,21.8,181,226,278,5.4,4.30113,35,0.5535,0.5535,553.50104,284.49924,108.20043,0,0,"plant_1","2.5D"
"sorghum_monocrop",2018-08-18,"sor",672.2511,0.78451,0,0.67999,2.98668,15.5,181,226,278,5.4,3.71697,35,0.79745,0.79745,797.45386,313.8035,245.92021,0,0,"plant_1","Beer"
"sorghum_monocrop",2018-08-18,"sor",672.25427,0.77808,0,0.67999,2.66017,15.5,181,226,278,5.4,3.34035,35,0.63286,0.63286,632.85608,311.23242,134.93362,0,0,"plant_1","2.5D"
"sorghum_monocrop",2018-08-19,"sor",685.12512,0.84467,0,0.71513,3.6028,17.7,181,226,278,5.4,4.47051,35,0.90366,0.90366,903.65735,337.86908,269.98581,0,0,"plant_1","Beer"
"sorghum_monocrop",2018-08-19,"sor",685.1283,0.83825,0,0.71513,3.25287,17.7,181,226,278,5.4,4.07591,35,0.72969,0.72969,729.68536,335.29822,158.99942,0,0,"plant_1","2.5D"
"sorghum_monocrop",2018-08-20,"sor",696.95099,0.90099,0,0.74689,4.37277,20.5,181,226,278,5.4,5.28019,35,1.0291,1.0291,1029.09619,360.39511,292.51181,0,0,"plant_1","Beer"
"sorghum_monocrop",2018-08-20,"sor",696.95526,0.89457,0,0.7469,3.99564,20.5,181,226,278,5.4,4.87702,35,0.84555,0.84555,845.54614,357.82669,181.52788,0,0,"plant_1","2.5D"
"sorghum_monocrop",2018-08-21,"sor",710.17859,0.96623,0,0.77668,3.0483,13.6,181,226,278,5.4,3.83909,35,1.1203,1.1203,1120.29944,386.4903,318.60699,0,0,"plant_1","Beer"
"sorghum_monocrop",2018-08-21,"sor",710.18329,0.95981,0,0.77669,2.78926,13.6,181,226,278,5.4,3.53797,35,0.9296,0.9296,929.59589,383.9231,207.62428,0,0,"plant_1","2.5D"
"sorghum_monocrop",2018-08-22,"sor",723.39215,1.03305,0,0.81065,3.07504,13.1,181,226,278,5.4,3.87071,35,1.21225,1.21225,1212.25391,413.21948,345.33621,0,0,"plant_1","Beer"
"sorghum_monocrop",2018-08-22,"sor",723.39685,1.02663,0,0.81066,2.83805,13.1,181,226,278,5.4,3.5958,35,1.01502,1.01502,1015.01941,410.65253,234.35371,0,0,"plant_1","2.5D"
"sorghum_monocrop",2018-08-23,"sor",736.36273,1.10008,0,0.84522,4.26087,17.4,181,226,278,5.4,5.19023,35,1.33556,1.33556,1335.55554,440.03143,372.14816,0,0,"plant_1","Beer"
"sorghum_monocrop",2018-08-23,"sor",736.36743,1.09366,0,0.84523,3.9832,17.4,181,226,278,5.4,4.89048,35,1.1312,1.1312,1131.20007,437.46475,261.16595,0,0,"plant_1","2.5D"
"sorghum_monocrop",2018-08-24,"sor",750.07935,1.17288,0,0.87971,5.84791,22.9,181,226,278,5.4,6.78657,35,1.49678,1.49678,1496.78064,469.15247,401.2692,0,0,"plant_1","Beer"
"sorghum_monocrop",2018-08-24,"sor",750.08405,1.16647,0,0.87972,5.53489,22.9,181,226,278,5.4,6.48348,35,1.28522,1.28522,1285.22473,466.58606,290.28726,0,0,"plant_1","2.5D"
"sorghum_monocrop",2018-08-25,"sor",765.34485,1.25644,0,0.91672,5.65542,21.2,181,226,278,5.4,6.50031,35,1.65121,1.65121,1651.20508,502.57422,434.69092,0,0,"plant_1","Beer"
"sorghum_monocrop",2018-08-25,"sor",765.35077,1.25003,0,0.91673,5.38492,21.2,181,226,278,5.4,6.23909,35,1.43344,1.43344,1433.4436,500.01089,323.7121,0,0,"plant_1","2.5D"
"sorghum_monocrop",2018-08-26,"sor",778.77753,1.33074,0,0.95845,2.18322,7.9,181,226,278,5.4,2.81594,35,1.7181,1.7181,1718.10193,532.29651,464.41321,0,0,"plant_1","Beer"
"sorghum_monocrop",2018-08-26,"sor",778.78448,1.32434,0,0.95847,2.07332,7.9,181,226,278,5.4,2.68211,35,1.49716,1.49716,1497.16113,529.73602,353.43726,0,0,"plant_1","2.5D"
"sorghum_monocrop",2018-08-27,"sor",789.57288,1.39022,0,0.99557,4.85097,17.1,181,226,278,5.4,5.60301,35,1.85121,1.85121,1851.20972,556.08801,488.20474,0,0,"plant_1","Beer"
"sorghum_monocrop",2018-08-27,"sor",789.57983,1.38382,0,0.99559,4.65574,17.1,181,226,278,5.4,5.40802,35,1.62564,1.62564,1625.63672,553.52789,377.2291,0,0,"plant_1","2.5D"
"sorghum_monocrop",2018-08-28,"sor",803.04651,1.46699,0,1.02562,2.28305,7.8,181,226,278,5.4,2.93729,35,1.92099,1.92099,1920.98938,586.797,518.91376,0,0,"plant_1","Beer"
"sorghum_monocrop",2018-08-28,"sor",803.05347,1.46059,0,1.02564,2.1874,7.8,181,226,278,5.4,2.82152,35,1.69267,1.69267,1692.66589,584.23712,407.93829,0,0,"plant_1","2.5D"
"sorghum_monocrop",2018-08-29,"sor",814.37592,1.53145,0,1.06332,4.25862,14.2,181,226,278,5.4,3.16798,35,2.04136,2.04136,2041.35779,612.58081,544.69757,0,0,"plant_1","Beer"
"sorghum_monocrop",2018-08-29,"sor",814.38287,1.52505,0,1.06334,4.11407,14.2,181,226,278,5.4,4.91499,35,1.80943,1.80943,1809.42883,610.0213,433.7225,0,0,"plant_1","2.5D"
"sorghum_monocrop",2018-08-30,"sor",828.18726,1.61237,0,1.09513,6.20082,20.1,181,226,278,5.4,4.32743,35,2.2107,2.2107,2210.7002,644.94641,577.06317,0,0,"plant_1","Beer"
"sorghum_monocrop",2018-08-30,"sor",828.19421,1.60597,0,1.09515,6.0415,20.1,181,226,278,5.4,6.97858,35,1.97522,1.97522,1975.21521,642.38715,466.08835,0,0,"plant_1","2.5D"
"sorghum_monocrop",2018-08-31,"sor",841.48041,1.69099,0,1.13396,3.29054,10.4,181,226,278,5.4,2.46108,35,2.30856,2.30856,2308.56396,676.39771,608.5144,0,0,"plant_1","Beer"
"sorghum_monocrop",2018-08-31,"sor",841.48737,1.6846,0,1.13398,3.19954,10.4,181,226,278,5.4,2.4976,35,2.07061,2.07061,2070.61304,673.83875,497.53995,0,0,"plant_1","2.5D"
"sorghum_monocrop",2018-09-01,"sor",853.09045,1.75958,0,1.17132,6.36195,19.7,181,226,278,5.4,4.15373,35,2.47812,2.47812,2478.12427,703.83075,635.94751,0,0,"plant_1","Beer"
"sorghum_monocrop",2018-09-01,"sor",853.09741,1.75318,0,1.17134,6.25084,19.7,181,226,278,5.4,4.2525,35,2.23778,2.23778,2237.77515,701.27203,524.97321,0,0,"plant_1","2.5D"
"sorghum_monocrop",2018-09-02,"sor",867.30432,1.84578,0,1.20387,4.46489,13.5,181,226,278,5.4,3.0829,35,2.60634,2.60634,2606.34326,738.3111,670.42786,0,0,"plant_1","Beer"
"sorghum_monocrop",2018-09-02,"sor",867.31128,1.83938,0,1.20389,4.38534,13.5,181,226,278,5.4,3.14649,35,2.364,2.364,2363.99731,735.75256,559.4538,0,0,"plant_1","2.5D"
"sorghum_monocrop",2018-09-03,"sor",880.90375,1.92877,0,1.24354,6.31692,18.7,181,226,278,5.4,4.04036,35,2.77841,2.77841,2778.40552,771.50989,703.62665,0,0,"plant_1","Beer"
"sorghum_monocrop",2018-09-03,"sor",880.91071,1.92238,0,1.24356,6.25173,18.7,181,226,278,5.4,4.14506,35,2.53462,2.53462,2534.62085,768.95154,592.65271,0,0,"plant_1","2.5D"
"sorghum_monocrop",2018-09-04,"sor",895.51007,2.01919,0,1.28121,7.66015,22.2,181,226,278,5.4,4.56545,35,2.97788,2.97788,2977.8811,807.67474,739.7915,0,0,"plant_1","Beer"
"sorghum_monocrop",2018-09-04,"sor",895.51703,2.01279,0,1.28123,7.62495,22.2,181,226,278,5.4,4.69605,35,2.7334,2.7334,2733.40112,805.1167,628.81793,0,0,"plant_1","2.5D"
"sorghum_monocrop",2018-09-05,"sor",909.45209,2.10588,0,1.32128,6.71526,19.1,181,226,278,5.4,4.04541,35,3.15853,3.15853,3158.52905,842.34998,774.46674,0,0,"plant_1","Beer"
"sorghum_monocrop",2018-09-05,"sor",909.45905,2.09948,0,1.3213,6.70046,19.1,181,226,278,5.4,4.16069,35,2.91373,2.91373,2913.73267,839.79218,663.49341,0,0,"plant_1","2.5D"
"sorghum_monocrop",2018-09-06,"sor",923.90869,2.19663,0,1.35905,8.23426,23,181,226,278,5.4,4.61021,35,3.36938,3.36938,3369.37964,878.65131,810.76807,0,0,"plant_1","Beer"
"sorghum_monocrop",2018-09-06,"sor",923.91565,2.19023,0,1.35907,8.2588,23,181,226,278,5.4,4.7508,35,3.12504,3.12504,3125.04468,876.09363,699.7948,0,0,"plant_1","2.5D"
"sorghum_monocrop",2018-09-07,"sor",937.7395,2.28369,0,1.39765,7.27609,20,181,226,278,5.4,4.12163,35,3.5618,3.5618,3561.79834,913.47461,845.59137,0,0,"plant_1","Beer"
"sorghum_monocrop",2018-09-07,"sor",937.74646,2.27729,0,1.39766,7.31584,20,181,226,278,5.4,4.24889,35,3.31827,3.31827,3318.27393,910.91724,734.61841,0,0,"plant_1","2.5D"
"sorghum_monocrop",2018-09-08,"sor",953.60443,2.38509,0,1.43394,6.73622,18.2,181,226,278,5.4,3.76197,35,3.74064,3.74064,3740.63867,954.03754,886.1543,0,0,"plant_1","Beer"
"sorghum_monocrop",2018-09-08,"sor",953.61139,2.3787,0,1.43396,6.79302,18.2,181,226,278,5.4,3.88209,35,3.49831,3.49831,3498.30737,951.48035,775.18152,0,0,"plant_1","2.5D"
"sorghum_monocrop",2018-09-09,"sor",966.58191,2.4672,0,1.47473,4.23658,11.3,181,226,278,5.4,2.53878,35,3.86277,3.86277,3862.77319,986.88135,918.99811,0,0,"plant_1","Beer"
"sorghum_monocrop",2018-09-09,"sor",966.58887,2.46081,0,1.47475,4.28497,11.3,181,226,278,5.4,2.62611,35,3.62167,3.62167,3621.66626,984.32416,808.02539,0,0,"plant_1","2.5D"
"sorghum_monocrop",2018-09-10,"sor",979.65955,2.55025,0,1.50736,5.00937,13.2,181,226,278,5.4,2.89824,35,4.00407,4.00407,4004.06592,1020.09955,952.21625,0,0,"plant_1","Beer"
"sorghum_monocrop",2018-09-10,"sor",979.6665,2.54386,0,1.50738,5.08463,13.2,181,226,278,5.4,3.00301,35,3.76477,3.76477,3764.7666,1017.54248,841.24371,0,0,"plant_1","2.5D"
"sorghum_monocrop",2018-09-11,"sor",994.09412,2.64287,0,1.53953,4.68846,12.2,181,226,278,5.4,2.71407,35,4.138,4.138,4138.00098,1057.14673,989.26343,0,0,"plant_1","Beer"
"sorghum_monocrop",2018-09-11,"sor",994.10107,2.63647,0,1.53954,4.77502,12.2,181,226,278,5.4,2.81813,35,3.90083,3.90083,3900.83276,1054.5896,878.29083,0,0,"plant_1","2.5D"
"sorghum_monocrop",2018-09-12,"sor",1007.04614,2.72547,0,1.57414,4.73761,12.2,181,226,278,5.4,2.69024,35,4.27234,4.27234,4272.33838,1090.18835,1022.30511,0,0,"plant_1","Beer"
"sorghum_monocrop",2018-09-12,"sor",1007.0531,2.71908,0,1.57415,4.84234,12.2,181,226,278,5.4,2.79926,35,4.03772,4.03772,4037.72363,1087.63147,911.33264,0,0,"plant_1","2.5D"
"sorghum_monocrop",2018-09-13,"sor",1022.63147,2.82644,0,1.60436,8.48764,21.6,181,226,278,5.4,4.21965,35,4.4869,4.4869,4486.90234,1130.57532,1062.69202,0,0,"plant_1","Beer"
"sorghum_monocrop",2018-09-13,"sor",1022.63843,2.82005,0,1.60437,8.68585,21.6,181,226,278,5.4,4.37511,35,4.25588,4.25588,4255.88428,1128.01855,951.71973,0,0,"plant_1","2.5D"
"sorghum_monocrop",2018-09-14,"sor",1038.75122,2.93132,0,1.63963,3.02031,7.6,181,226,278,5.4,1.74721,35,4.5764,4.5764,4576.39746,1172.52795,1104.64465,0,0,"plant_1","Beer"
"sorghum_monocrop",2018-09-14,"sor",1038.75818,2.92493,0,1.63964,3.1107,7.6,181,226,278,5.4,1.82936,35,4.34783,4.34783,4347.82812,1169.97119,993.67242,0,0,"plant_1","2.5D"
"sorghum_monocrop",2018-09-15,"sor",1049.54443,2.99936,0,1.67481,8.92301,22.3,181,226,278,5.4,4.01554,35,4.78551,4.78551,4785.50879,1199.74585,1131.86267,0,0,"plant_1","Beer"
"sorghum_monocrop",2018-09-15,"sor",1049.55139,2.99297,0,1.67483,9.17756,22.3,181,226,278,5.4,4.16887,35,4.5611,4.5611,4561.10059,1197.18933,1020.8905,0,0,"plant_1","2.5D"
"sorghum_monocrop",2018-09-16,"sor",1064.13257,3.0937,0,1.69761,4.27927,10.6,181,226,278,5.4,2.35368,35,4.90924,4.90924,4909.24121,1237.47998,1169.59668,0,0,"plant_1","Beer"
"sorghum_monocrop",2018-09-16,"sor",1064.13953,3.08731,0,1.69762,4.43195,10.6,181,226,278,5.4,2.46865,35,4.68869,4.68869,4688.68848,1234.92346,1058.62463,0,0,"plant_1","2.5D"
"sorghum_monocrop",2018-09-17,"sor",1076.2998,3.17125,0,1.72744,8.69842,21.4,181,226,278,5.4,4.01041,35,5.12343,5.12343,5123.4248,1268.50085,1200.61755,0,0,"plant_1","Beer"
"sorghum_monocrop",2018-09-17,"sor",1076.30676,3.16486,0,1.72746,8.98469,21.4,181,226,278,5.4,4.16939,35,4.90785,4.90785,4907.84863,1265.94434,1089.64551,0,0,"plant_1","2.5D"
"sorghum_monocrop",2018-09-18,"sor",1091.62683,3.27068,0,1.75145,8.5238,20.8,181,226,278,5.4,3.98448,35,5.3395,5.3395,5339.50146,1308.27051,1240.38721,0,0,"plant_1","Beer"
"sorghum_monocrop",2018-09-18,"sor",1091.63379,3.26429,0,1.75146,8.82357,20.8,181,226,278,5.4,4.14552,35,5.12934,5.12934,5129.34326,1305.71411,1129.41528,0,0,"plant_1","2.5D"
"sorghum_monocrop",2018-09-19,"sor",1109.41736,3.3872,0,1.78056,8.88847,21.5,181,226,278,5.4,3.93117,35,5.55584,5.55584,5555.84277,1354.87964,1286.99634,0,0,"plant_1","Beer"
"sorghum_monocrop",2018-09-19,"sor",1109.42432,3.38081,0,1.78057,9.21395,21.5,181,226,278,5.4,4.08783,35,5.3512,5.3512,5351.2041,1352.32312,1176.02429,0,0,"plant_1","2.5D"
"sorghum_monocrop",2018-09-20,"sor",1126.65063,3.49985,0,1.81275,9.24954,22.2,181,226,278,5.4,4.02588,35,5.78067,5.78067,5780.67236,1399.93909,1332.05579,0,0,"plant_1","Beer"
"sorghum_monocrop",2018-09-20,"sor",1126.65747,3.49346,0,1.81276,9.61569,22.2,181,226,278,5.4,4.18802,35,5.58208,5.58208,5582.08203,1397.38269,1221.08386,0,0,"plant_1","2.5D"
"sorghum_monocrop",2018-09-21,"sor",1145.01672,3.62031,0,1.8423,8.98432,21.4,181,226,278,5.4,3.81728,35,5.99677,5.99677,5996.76709,1448.12207,1380.23877,0,0,"plant_1","Beer"
"sorghum_monocrop",2018-09-21,"sor",1145.02356,3.61391,0,1.84232,9.34956,21.4,181,226,278,5.4,3.97222,35,5.80425,5.80425,5804.24951,1445.5658,1269.26697,0,0,"plant_1","2.5D"
"sorghum_monocrop",2018-09-22,"sor",1163.59998,3.74219,0,1.87207,6.68002,15.8,181,226,278,5.4,3.01284,35,6.16912,6.16912,6169.12012,1496.86743,1428.98413,0,0,"plant_1","Beer"
"sorghum_monocrop",2018-09-22,"sor",1163.60681,3.7358,0,1.87208,6.98532,15.8,181,226,278,5.4,3.15664,35,5.98279,5.98279,5982.79102,1494.30969,1318.01086,0,0,"plant_1","2.5D"
"sorghum_monocrop",2018-09-23,"sor",1178.49658,3.83837,2e-05,1.90039,7.4791,17.6,181,226,278,5.4,3.3954,35,6.36562,6.36562,6365.625,1535.2251,1467.34192,0,0,"plant_1","Beer"
"sorghum_monocrop",2018-09-23,"sor",1178.50342,3.83198,2e-05,1.9004,7.80991,17.6,181,226,278,5.4,3.54607,35,6.18585,6.18585,6185.85156,1532.65503,1356.3562,0,0,"plant_1","2.5D"
"sorghum_monocrop",2018-09-24,"sor",1194.2832,3.94021,0.00037,1.92182,7.81566,18.3,181,226,278,5.4,3.46006,35,6.56821,6.56821,6568.20654,1575.98694,1508.10376,0,0,"plant_1","Beer"
"sorghum_monocrop",2018-09-24,"sor",1194.29004,3.93382,0.00037,1.92183,8.22452,18.3,181,226,278,5.4,3.62918,35,6.39626,6.39626,6396.25928,1573.37732,1397.07849,0,0,"plant_1","2.5D"
"sorghum_monocrop",2018-09-25,"sor",1209.14624,4.02499,0.00075,1.94334,6.25977,14.6,181,226,278,5.4,2.88968,35,6.73901,6.73901,6739.00732,1609.94141,1542.05811,0,0,"plant_1","Beer"
"sorghum_monocrop",2018-09-25,"sor",1209.15308,4.01859,0.00075,1.94335,6.58735,14.6,181,226,278,5.4,3.03843,35,6.57421,6.57421,6574.21484,1607.24548,1430.94653,0,0,"plant_1","2.5D"
"sorghum_monocrop",2018-09-26,"sor",1224.36169,4.09546,0.00124,1.96249,8.9023,20.7,181,226,278,5.4,3.73371,35,6.96238,6.96238,6962.37598,1638.19226,1570.30908,0,0,"plant_1","Beer"
"sorghum_monocrop",2018-09-26,"sor",1224.36853,4.08905,0.00124,1.9625,9.3683,20.7,181,226,278,5.4,3.90158,35,6.80567,6.80567,6805.66797,1635.41589,1459.11707,0,0,"plant_1","2.5D"
"sorghum_monocrop",2018-09-27,"sor",1241.57678,4.15718,0.00176,1.98104,9.05435,21,181,226,278,5.4,3.68376,35,7.18534,7.18534,7185.34131,1663.01892,1595.13574,0,0,"plant_1","Beer"
"sorghum_monocrop",2018-09-27,"sor",1241.58362,4.15077,0.00176,1.98105,9.52843,21,181,226,278,5.4,3.84544,35,7.03663,7.03663,7036.62549,1660.11572,1483.81689,0,0,"plant_1","2.5D"
"sorghum_monocrop",2018-09-28,"sor",1259.34338,4.20383,0.00226,2.00076,8.25039,19.1,181,226,278,5.4,3.38778,35,7.39256,7.39256,7392.56055,1681.7843,1613.901,0,0,"plant_1","Beer"
"sorghum_monocrop",2018-09-28,"sor",1259.35022,4.19742,0.00226,2.00077,8.68245,19.1,181,226,278,5.4,3.54065,35,7.25166,7.25166,7251.6582,1678.71008,1502.41125,0,0,"plant_1","2.5D"
"sorghum_monocrop",2018-09-29,"sor",1276.17725,4.23466,0.00294,2.01978,5.66537,13.1,181,226,278,5.4,2.53095,35,7.54857,7.54857,7548.57129,1694.16162,1626.27844,0,0,"plant_1","Beer"
"sorghum_monocrop",2018-09-29,"sor",1276.18408,4.22824,0.00294,2.01979,5.96209,13.1,181,226,278,5.4,2.65756,35,7.41439,7.41439,7414.38965,1690.703,1514.40417,0,0,"plant_1","2.5D"
"sorghum_monocrop",2018-09-30,"sor",1291.78723,4.25295,0.0045,2.0366,4.80375,11.1,181,226,278,5.4,2.20351,35,7.6853,7.6853,7685.30322,1701.953,1634.06982,0,0,"plant_1","Beer"
"sorghum_monocrop",2018-09-30,"sor",1291.79407,4.24652,0.0045,2.03661,5.05536,11.1,181,226,278,5.4,2.31635,35,7.55723,7.55723,7557.23291,1698.24402,1521.94507,0,0,"plant_1","2.5D"
"sorghum_monocrop",2018-10-01,"sor",1307.64722,4.26444,0.00553,2.05121,7.44685,17.2,181,226,278,5.4,3.12187,35,7.88083,7.88083,7880.82959,1706.79846,1638.91516,0,0,"plant_1","Beer"
"sorghum_monocrop",2018-10-01,"sor",1307.65405,4.25801,0.00553,2.05122,7.83691,17.2,181,226,278,5.4,3.26364,35,7.76048,7.76048,7760.47852,1702.81873,1526.5199,0,0,"plant_1","2.5D"
"sorghum_monocrop",2018-10-02,"sor",1324.7572,4.27014,0.00664,2.06512,8.74757,20.2,181,226,278,5.4,3.44949,35,8.09907,8.09907,8099.07031,1709.30798,1641.4248,0,0,"plant_1","Beer"
"sorghum_monocrop",2018-10-02,"sor",1324.76404,4.2637,0.00664,2.06513,9.20577,20.2,181,226,278,5.4,3.5942,35,7.9867,7.9867,7986.70264,1704.96106,1528.66223,0,0,"plant_1","2.5D"
"sorghum_monocrop",2018-10-03,"sor",1341.11719,4.27103,0.00815,2.07913,9.09431,21,181,226,278,5.4,3.53268,65,8.32486,8.32486,8324.86035,1710.03113,1642.14795,0,0,"plant_1","Beer"
"sorghum_monocrop",2018-10-03,"sor",1341.12402,4.2646,0.00815,2.07913,9.57067,21,181,226,278,5.4,3.67613,65,8.22057,8.22057,8220.56641,1705.29163,1528.9928,0,0,"plant_1","2.5D"
"sorghum_monocrop",2018-10-04,"sor",1358.72717,4.27103,0.00978,2.0916,7.05855,16.3,181,226,278,5.4,2.86705,65,8.5096,8.5096,8509.60059,1709.86304,1642.14795,0,0,"plant_1","Beer"
"sorghum_monocrop",2018-10-04,"sor",1358.73401,4.2646,0.00978,2.09161,7.42828,16.3,181,226,278,5.4,2.99524,65,8.41275,8.41275,8412.75098,1704.68652,1528.9928,0,0,"plant_1","2.5D"
"sorghum_monocrop",2018-10-05,"sor",1376.43713,4.27103,0.0116,2.10409,5.58584,12.9,181,226,278,5.4,2.35386,65,8.66227,8.66227,8662.27441,1709.52966,1642.14795,0,0,"plant_1","Beer"
"sorghum_monocrop",2018-10-05,"sor",1376.44397,4.2646,0.0116,2.10409,5.87842,12.9,181,226,278,5.4,2.46517,65,8.57203,8.57203,8572.02637,1703.8042,1528.9928,0,0,"plant_1","2.5D"
"sorghum_monocrop",2018-10-06,"sor",1392.79712,4.27103,0.01392,2.11572,9.04914,20.9,181,226,278,5.4,3.43626,65,8.88728,8.88728,8887.27832,1708.95679,1642.14795,0,0,"plant_1","Beer"
"sorghum_monocrop",2018-10-06,"sor",1392.80396,4.2646,0.01392,2.11572,9.52313,20.9,181,226,278,5.4,3.57178,65,8.8051,8.8051,8805.10156,1702.85291,1528.9928,0,0,"plant_1","2.5D"
"sorghum_monocrop",2018-10-07,"sor",1408.4071,4.27103,0.01637,2.12568,8.09587,18.7,181,226,278,5.4,3.15585,71,9.0957,9.0957,9095.70215,1708.22583,1642.14795,0,0,"plant_1","Beer"
"sorghum_monocrop",2018-10-07,"sor",1408.41394,4.2646,0.01637,2.12568,8.51991,18.7,181,226,278,5.4,3.28591,71,9.02146,9.02146,9021.45801,1700.93005,1528.9928,0,0,"plant_1","2.5D"
"sorghum_monocrop",2018-10-08,"sor",1424.26709,4.27103,0.02144,2.13453,8.05104,18.6,181,226,278,5.4,2.35802,71,9.30308,9.11702,9303.0791,1707.849,1642.14795,0,0,"plant_1","Beer"
"sorghum_monocrop",2018-10-08,"sor",1424.27393,4.2646,0.02144,2.13454,8.47274,18.6,181,226,278,5.4,2.48888,71,9.23675,9.05201,9236.74805,1699.95142,1528.9928,0,0,"plant_1","2.5D"
"sorghum_monocrop",2018-10-09,"sor",1441.12708,4.27103,0.02406,2.14292,9.21884,21.3,181,226,278,5.4,2.98908,71,9.53009,9.24419,9530.09277,1707.47217,1642.14795,0,0,"plant_1","Beer"
"sorghum_monocrop",2018-10-09,"sor",1441.13391,4.2646,0.02406,2.14292,9.7017,21.3,181,226,278,5.4,3.11827,71,9.47181,9.18766,9471.81348,1699.11877,1528.9928,0,0,"plant_1","2.5D"
"sorghum_monocrop",2018-10-10,"sor",1457.73706,4.27103,0.02668,2.1512,9.13138,21.1,181,226,278,5.4,2.94407,71,9.7561,9.36586,9756.10254,1706.96765,1642.14795,0,0,"plant_1","Beer"
"sorghum_monocrop",2018-10-10,"sor",1457.7439,4.2646,0.02668,2.1512,9.60965,21.1,181,226,278,5.4,3.07115,71,9.70588,9.31765,9705.88477,1697.98547,1528.9928,0,0,"plant_1","2.5D"
"sorghum_monocrop",2018-10-11,"sor",1476.09705,4.27103,0.03018,2.15875,8.09167,18.7,181,226,278,5.4,2.58031,71,9.95875,9.46082,9958.75488,1706.33215,1642.14795,0,0,"plant_1","Beer"
"sorghum_monocrop",2018-10-11,"sor",1476.10388,4.2646,0.03018,2.15875,8.51548,18.7,181,226,278,5.4,2.69986,71,9.91625,9.42044,9916.25098,1696.53076,1528.9928,0,0,"plant_1","2.5D"
"sorghum_monocrop",2018-10-12,"sor",1494.20703,4.27103,0.03459,2.16646,8.69602,20.1,181,226,278,5.4,2.72626,71,10.17321,9.56282,10173.20801,1705.67273,1642.14795,0,0,"plant_1","Beer"
"sorghum_monocrop",2018-10-12,"sor",1494.21387,4.2646,0.03459,2.16646,9.15147,20.1,181,226,278,5.4,2.84651,71,10.13857,9.53026,10138.57324,1695.5166,1528.9928,0,0,"plant_1","2.5D"
"sorghum_monocrop",2018-10-13,"sor",1513.06702,4.27103,0.03917,2.17344,8.30521,19.2,181,226,278,5.4,2.56513,71,10.37786,9.65141,10377.86426,1704.87085,1642.14795,0,0,"plant_1","Beer"
"sorghum_monocrop",2018-10-13,"sor",1513.07385,4.2646,0.03917,2.17345,8.74018,19.2,181,226,278,5.4,2.68109,71,10.35092,9.62636,10350.92285,1694.12939,1528.9928,0,0,"plant_1","2.5D"
"sorghum_monocrop",2018-10-14,"sor",1530.02698,4.27103,0.04474,2.18012,8.95215,20.7,181,226,278,5.4,2.78824,71,10.60005,9.75205,10600.05371,1703.74927,1642.14795,0,0,"plant_1","Beer"
"sorghum_monocrop",2018-10-14,"sor",1530.03381,4.2646,0.04474,2.18012,9.42101,20.7,181,226,278,5.4,2.90742,71,10.58113,9.73464,10581.13281,1692.28625,1528.9928,0,0,"plant_1","2.5D"
"sorghum_monocrop",2018-10-15,"sor",1547.53699,4.27103,0.05253,2.18564,7.13365,16.5,181,226,278,5.4,2.27109,71,10.78657,9.81578,10786.56641,1702.40247,1642.14795,0,0,"plant_1","Beer"
"sorghum_monocrop",2018-10-15,"sor",1547.54382,4.2646,0.05253,2.18564,7.50725,16.5,181,226,278,5.4,2.38115,71,10.77513,9.80537,10775.13086,1689.58508,1528.9928,0,0,"plant_1","2.5D"
"sorghum_monocrop",2018-10-16,"sor",1564.14697,4.27103,0.06122,2.19089,8.03889,18.6,181,226,278,5.4,2.52562,71,10.99275,9.89347,10992.74902,1701.41663,1642.14795,0,0,"plant_1","Beer"
"sorghum_monocrop",2018-10-16,"sor",1564.15381,4.2646,0.06122,2.19089,8.45988,18.6,181,226,278,5.4,2.63987,71,10.98919,9.89027,10989.18652,1688.0426,1528.9928,0,0,"plant_1","2.5D"
"sorghum_monocrop",2018-10-17,"sor",1581.90698,4.27103,0.06806,2.19549,9.16018,21.2,181,226,278,5.4,2.74541,71,11.21639,9.98259,11216.39062,1698.88354,1642.14795,0,0,"plant_1","Beer"
"sorghum_monocrop",2018-10-17,"sor",1581.91382,4.2646,0.06806,2.19549,9.63989,21.2,181,226,278,5.4,2.8596,71,11.22079,9.9865,11220.78906,1684.18555,1528.9928,0,0,"plant_1","2.5D"
"sorghum_monocrop",2018-10-18,"sor",1599.91699,4.27103,0.08566,2.20002,8.67893,20.1,181,226,278,5.4,2.60231,71,11.43088,10.05917,11430.87793,1697.20837,1642.14795,0,0,"plant_1","Beer"
"sorghum_monocrop",2018-10-18,"sor",1599.92383,4.2646,0.08566,2.20002,9.1334,20.1,181,226,278,5.4,2.71411,71,11.44315,10.06998,11443.1543,1681.32239,1528.9928,0,0,"plant_1","2.5D"
"sorghum_monocrop",2018-10-19,"sor",1618.77698,4.27103,0.09729,2.20423,7.89809,18.3,181,226,278,5.4,2.34869,71,11.62806,10.11641,11628.06152,1695.59424,1642.14795,0,0,"plant_1","Beer"
"sorghum_monocrop",2018-10-19,"sor",1618.78381,4.2646,0.09729,2.20424,8.31166,18.3,181,226,278,5.4,2.45554,71,11.64793,10.1337,11647.92676,1679.57056,1528.9928,0,0,"plant_1","2.5D"
"sorghum_monocrop",2018-10-20,"sor",1637.13696,4.27103,0.1085,2.20828,6.68666,15.5,181,226,278,5.4,2.03613,71,11.80307,10.15064,11803.07324,1693.66492,1642.14795,0,0,"plant_1","Beer"
"sorghum_monocrop",2018-10-20,"sor",1637.1438,4.2646,0.1085,2.20828,7.03678,15.5,181,226,278,5.4,2.13679,71,11.83012,10.1739,11830.12207,1677.64136,1528.9928,0,0,"plant_1","2.5D"
"sorghum_monocrop",2018-10-21,"sor",1655.24695,4.27103,0.1219,2.21187,9.27006,21.5,181,226,278,5.4,2.67452,71,12.02739,10.22328,12027.38965,1691.66235,1642.14795,0,0,"plant_1","Beer"
"sorghum_monocrop",2018-10-21,"sor",1655.25378,4.2646,0.1219,2.21187,9.75542,21.5,181,226,278,5.4,2.7837,71,12.06236,10.25301,12062.36328,1675.63867,1528.9928,0,0,"plant_1","2.5D"
"sorghum_monocrop",2018-10-22,"sor",1673.35693,4.27103,0.1358,2.21512,8.9201,20.7,181,226,278,5.4,2.5784,71,12.24576,10.28644,12245.75586,1689.2981,1642.14795,0,0,"plant_1","Beer"
"sorghum_monocrop",2018-10-22,"sor",1673.36377,4.2646,0.1358,2.21512,9.38711,20.7,181,226,278,5.4,2.68623,71,12.28863,10.32245,12288.62695,1673.27478,1528.9928,0,0,"plant_1","2.5D"
"sorghum_monocrop",2018-10-23,"sor",1691.96692,4.27103,0.15222,2.2181,7.19157,16.7,181,226,278,5.4,2.12147,71,12.43023,10.31709,12430.23535,1686.72827,1642.14795,0,0,"plant_1","Beer"
"sorghum_monocrop",2018-10-23,"sor",1691.97375,4.2646,0.15222,2.2181,7.56806,16.7,181,226,278,5.4,2.22209,71,12.48048,10.3588,12480.48438,1670.70447,1528.9928,0,0,"plant_1","2.5D"
"sorghum_monocrop",2018-10-24,"sor",1710.0769,4.27103,0.17007,2.2209,8.47718,19.7,181,226,278,5.4,2.44774,71,12.64079,10.36545,12640.78809,1683.19165,1642.14795,0,0,"plant_1","Beer"
"sorghum_monocrop",2018-10-24,"sor",1710.08374,4.2646,0.17007,2.2209,8.92095,19.7,181,226,278,5.4,2.55309,71,12.69887,10.41307,12698.86621,1665.20398,1528.9928,0,0,"plant_1","2.5D"
"sorghum_monocrop",2018-10-25,"sor",1728.93689,4.27103,0.19241,2.22339,8.55519,19.9,181,226,278,5.4,2.41617,71,12.8499,10.40842,12849.90234,1676.67969,1642.14795,0,0,"plant_1","Beer"
"sorghum_monocrop",2018-10-25,"sor",1728.94373,4.2646,0.19241,2.22339,9.003,19.9,181,226,278,5.4,2.51957,71,12.91572,10.46173,12915.71582,1658.69214,1528.9928,0,0,"plant_1","2.5D"
"sorghum_monocrop",2018-10-26,"sor",1747.9469,4.27103,0.23763,2.22576,8.75302,20.4,181,226,278,5.4,2.44001,71,13.06182,10.44946,13061.82227,1672.38367,1642.14795,0,0,"plant_1","Beer"
"sorghum_monocrop",2018-10-26,"sor",1747.95374,4.2646,0.23763,2.22576,9.2111,20.4,181,226,278,5.4,2.5427,71,13.13538,10.5083,13135.37793,1652.28857,1528.9928,0,0,"plant_1","2.5D"
"sorghum_monocrop",2018-10-27,"sor",1767.20691,4.27103,0.26747,2.22793,7.49878,17.5,181,226,278,5.4,2.12567,71,13.24982,10.46736,13249.82031,1668.43066,1642.14795,0,0,"plant_1","Beer"
"sorghum_monocrop",2018-10-27,"sor",1767.21375,4.2646,0.26747,2.22793,7.89116,17.5,181,226,278,5.4,2.22369,71,13.33077,10.53131,13330.76953,1648.33557,1528.9928,0,0,"plant_1","2.5D"
"sorghum_monocrop",2018-10-28,"sor",1786.46692,4.27103,0.29492,2.22994,8.25978,19.3,181,226,278,5.4,2.29579,71,13.45194,10.49251,13451.93652,1663.79028,1642.14795,0,0,"plant_1","Beer"
"sorghum_monocrop",2018-10-28,"sor",1786.47375,4.2646,0.29492,2.22994,8.69194,19.3,181,226,278,5.4,2.39572,71,13.5405,10.56159,13540.49609,1643.69531,1528.9928,0,0,"plant_1","2.5D"
"sorghum_monocrop",2018-10-29,"sor",1805.47693,4.27103,0.32714,2.23177,4.95701,11.6,181,226,278,5.4,1.50304,71,13.58688,10.4619,13586.88281,1658.07739,1642.14795,0,0,"plant_1","Beer"
"sorghum_monocrop",2018-10-29,"sor",1805.48376,4.2646,0.32714,2.23177,5.21633,11.6,181,226,278,5.4,1.57447,71,13.68143,10.5347,13681.42773,1637.98242,1528.9928,0,0,"plant_1","2.5D"
"sorghum_monocrop",2018-10-30,"sor",1823.58691,4.27103,0.36681,2.23177,7.25086,17,181,226,278,5.4,2.1241,99,13.58688,10.4619,13586.88281,1658.07739,1642.14795,0,0,"plant_1","Beer"
"sorghum_monocrop",2018-10-30,"sor",1823.59375,4.2646,0.36681,2.23177,7.6301,17,181,226,278,5.4,2.22131,99,13.68143,10.5347,13681.42773,1637.98242,1528.9928,0,0,"plant_1","2.5D"
"sorghum_monocrop",2018-10-31,"sor",1823.58691,4.27103,0,0,0,17,181,226,278,5.4,2.07805,-1,13.58688,10.4619,13586.88281,1658.07739,1642.14795,0,0,"plant_1","Beer"
"sorghum_monocrop",2018-10-31,"sor",1823.59375,4.2646,0,0,0,17,181,226,278,5.4,2.16828,-1,13.68143,10.5347,13681.42773,1637.98242,1528.9928,0,0,"plant_1","2.5D"
"sorghum_monocrop",2018-11-01,"sor",1823.58691,4.27103,0,0,0,17.7,181,226,278,5.4,2.07805,-1,13.58688,10.4619,13586.88281,1658.07739,1642.14795,0,0,"plant_1","Beer"
"sorghum_monocrop",2018-11-01,"sor",1823.59375,4.2646,0,0,0,17.7,181,226,278,5.4,2.16828,-1,13.68143,10.5347,13681.42773,1637.98242,1528.9928,0,0,"plant_1","2.5D"
"sorghum_monocrop",2018-11-02,"sor",1823.58691,4.27103,0,0,0,20.3,181,226,278,5.4,2.07805,-1,13.58688,10.4619,13586.88281,1658.07739,1642.14795,0,0,"plant_1","Beer"
"sorghum_monocrop",2018-11-02,"sor",1823.59375,4.2646,0,0,0,20.3,181,226,278,5.4,2.16828,-1,13.68143,10.5347,13681.42773,1637.98242,1528.9928,0,0,"plant_1","2.5D"
"sorghum_monocrop",2018-11-03,"sor",1823.58691,4.27103,0,0,0,20.2,181,226,278,5.4,2.07805,-1,13.58688,10.4619,13586.88281,1658.07739,1642.14795,0,0,"plant_1","Beer"
"sorghum_monocrop",2018-11-03,"sor",1823.59375,4.2646,0,0,0,20.2,181,226,278,5.4,2.16828,-1,13.68143,10.5347,13681.42773,1637.98242,1528.9928,0,0,"plant_1","2.5D"
"sorghum_monocrop",2018-11-04,"sor",1823.58691,4.27103,0,0,0,19.9,181,226,278,5.4,2.07805,-1,13.58688,10.4619,13586.88281,1658.07739,1642.14795,0,0,"plant_1","Beer"
"sorghum_monocrop",2018-11-04,"sor",1823.59375,4.2646,0,0,0,19.9,181,226,278,5.4,2.16828,-1,13.68143,10.5347,13681.42773,1637.98242,1528.9928,0,0,"plant_1","2.5D"
"sorghum_monocrop",2018-11-05,"sor",1823.58691,4.27103,0,0,0,18.4,181,226,278,5.4,2.07805,-1,13.58688,10.4619,13586.88281,1658.07739,1642.14795,0,0,"plant_1","Beer"
"sorghum_monocrop",2018-11-05,"sor",1823.59375,4.2646,0,0,0,18.4,181,226,278,5.4,2.16828,-1,13.68143,10.5347,13681.42773,1637.98242,1528.9928,0,0,"plant_1","2.5D"
"sorghum_monocrop",2018-11-06,"sor",1823.58691,4.27103,0,0,0,18.3,181,226,278,5.4,2.07805,-1,13.58688,10.4619,13586.88281,1658.07739,1642.14795,0,0,"plant_1","Beer"
"sorghum_monocrop",2018-11-06,"sor",1823.59375,4.2646,0,0,0,18.3,181,226,278,5.4,2.16828,-1,13.68143,10.5347,13681.42773,1637.98242,1528.9928,0,0,"plant_1","2.5D"
"sorghum_monocrop",2018-11-07,"sor",1823.58691,4.27103,0,0,0,18.7,181,226,278,5.4,2.07805,-1,13.58688,10.4619,13586.88281,1658.07739,1642.14795,0,0,"plant_1","Beer"
"sorghum_monocrop",2018-11-07,"sor",1823.59375,4.2646,0,0,0,18.7,181,226,278,5.4,2.16828,-1,13.68143,10.5347,13681.42773,1637.98242,1528.9928,0,0,"plant_1","2.5D"
"sorghum_monocrop",2018-11-08,"sor",1823.58691,4.27103,0,0,0,18.3,181,226,278,5.4,2.07805,-1,13.58688,10.4619,13586.88281,1658.07739,1642.14795,0,0,"plant_1","Beer"
"sorghum_monocrop",2018-11-08,"sor",1823.59375,4.2646,0,0,0,18.3,181,226,278,5.4,2.16828,-1,13.68143,10.5347,13681.42773,1637.98242,1528.9928,0,0,"plant_1","2.5D"
"sorghum_monocrop",2018-11-09,"sor",1823.58691,4.27103,0,0,0,20.2,181,226,278,5.4,2.07805,-1,13.58688,10.4619,13586.88281,1658.07739,1642.14795,0,0,"plant_1","Beer"
"sorghum_monocrop",2018-11-09,"sor",1823.59375,4.2646,0,0,0,20.2,181,226,278,5.4,2.16828,-1,13.68143,10.5347,13681.42773,1637.98242,1528.9928,0,0,"plant_1","2.5D"
"sorghum_monocrop",2018-11-10,"sor",1823.58691,4.27103,0,0,0,19.9,181,226,278,5.4,2.07805,-1,13.58688,10.4619,13586.88281,1658.07739,1642.14795,0,0,"plant_1","Beer"
"sorghum_monocrop",2018-11-10,"sor",1823.59375,4.2646,0,0,0,19.9,181,226,278,5.4,2.16828,-1,13.68143,10.5347,13681.42773,1637.98242,1528.9928,0,0,"plant_1","2.5D"
"sorghum_monocrop",2018-11-11,"sor",1823.58691,4.27103,0,0,0,19,181,226,278,5.4,2.07805,-1,13.58688,10.4619,13586.88281,1658.07739,1642.14795,0,0,"plant_1","Beer"
"sorghum_monocrop",2018-11-11,"sor",1823.59375,4.2646,0,0,0,19,181,226,278,5.4,2.16828,-1,13.68143,10.5347,13681.42773,1637.98242,1528.9928,0,0,"plant_1","2.5D"
"sorghum_monocrop",2018-11-12,"sor",1823.58691,4.27103,0,0,0,19.4,181,226,278,5.4,2.07805,-1,13.58688,10.4619,13586.88281,1658.07739,1642.14795,0,0,"plant_1","Beer"
"sorghum_monocrop",2018-11-12,"sor",1823.59375,4.2646,0,0,0,19.4,181,226,278,5.4,2.16828,-1,13.68143,10.5347,13681.42773,1637.98242,1528.9928,0,0,"plant_1","2.5D"
"sorghum_monocrop",2018-11-13,"sor",1823.58691,4.27103,0,0,0,19.1,181,226,278,5.4,2.07805,-1,13.58688,10.4619,13586.88281,1658.07739,1642.14795,0,0,"plant_1","Beer"
"sorghum_monocrop",2018-11-13,"sor",1823.59375,4.2646,0,0,0,19.1,181,226,278,5.4,2.16828,-1,13.68143,10.5347,13681.42773,1637.98242,1528.9928,0,0,"plant_1","2.5D"
"sorghum_monocrop",2018-11-14,"sor",1823.58691,4.27103,0,0,0,19,181,226,278,5.4,2.07805,-1,13.58688,10.4619,13586.88281,1658.07739,1642.14795,0,0,"plant_1","Beer"
"sorghum_monocrop",2018-11-14,"sor",1823.59375,4.2646,0,0,0,19,181,226,278,5.4,2.16828,-1,13.68143,10.5347,13681.42773,1637.98242,1528.9928,0,0,"plant_1","2.5D"
"sorghum_monocrop",2018-11-15,"sor",1823.58691,4.27103,0,0,0,18.9,181,226,278,5.4,2.07805,-1,13.58688,10.4619,13586.88281,1658.07739,1642.14795,0,0,"plant_1","Beer"
"sorghum_monocrop",2018-11-15,"sor",1823.59375,4.2646,0,0,0,18.9,181,226,278,5.4,2.16828,-1,13.68143,10.5347,13681.42773,1637.98242,1528.9928,0,0,"plant_1","2.5D"
"sorghum_monocrop",2018-11-16,"sor",1823.58691,4.27103,0,0,0,18.8,181,226,278,5.4,2.07805,-1,13.58688,10.4619,13586.88281,1658.07739,1642.14795,0,0,"plant_1","Beer"
"sorghum_monocrop",2018-11-16,"sor",1823.59375,4.2646,0,0,0,18.8,181,226,278,5.4,2.16828,-1,13.68143,10.5347,13681.42773,1637.98242,1528.9928,0,0,"plant_1","2.5D"
"sorghum_monocrop",2018-11-17,"sor",1823.58691,4.27103,0,0,0,17,181,226,278,5.4,2.07805,-1,13.58688,10.4619,13586.88281,1658.07739,1642.14795,0,0,"plant_1","Beer"
"sorghum_monocrop",2018-11-17,"sor",1823.59375,4.2646,0,0,0,17,181,226,278,5.4,2.16828,-1,13.68143,10.5347,13681.42773,1637.98242,1528.9928,0,0,"plant_1","2.5D"
"sorghum_monocrop",2018-11-18,"sor",1823.58691,4.27103,0,0,0,14.9,181,226,278,5.4,2.07805,-1,13.58688,10.4619,13586.88281,1658.07739,1642.14795,0,0,"plant_1","Beer"
"sorghum_monocrop",2018-11-18,"sor",1823.59375,4.2646,0,0,0,14.9,181,226,278,5.4,2.16828,-1,13.68143,10.5347,13681.42773,1637.98242,1528.9928,0,0,"plant_1","2.5D"
"sorghum_monocrop",2018-11-19,"sor",1823.58691,4.27103,0,0,0,16.2,181,226,278,5.4,2.07805,-1,13.58688,10.4619,13586.88281,1658.07739,1642.14795,0,0,"plant_1","Beer"
"sorghum_monocrop",2018-11-19,"sor",1823.59375,4.2646,0,0,0,16.2,181,226,278,5.4,2.16828,-1,13.68143,10.5347,13681.42773,1637.98242,1528.9928,0,0,"plant_1","2.5D"
"sorghum_monocrop",2018-11-20,"sor",1823.58691,4.27103,0,0,0,14.5,181,226,278,5.4,2.07805,-1,13.58688,10.4619,13586.88281,1658.07739,1642.14795,0,0,"plant_1","Beer"
"sorghum_monocrop",2018-11-20,"sor",1823.59375,4.2646,0,0,0,14.5,181,226,278,5.4,2.16828,-1,13.68143,10.5347,13681.42773,1637.98242,1528.9928,0,0,"plant_1","2.5D"
"sorghum_monocrop",2018-11-21,"sor",1823.58691,4.27103,0,0,0,14.4,181,226,278,5.4,2.07805,-1,13.58688,10.4619,13586.88281,1658.07739,1642.14795,0,0,"plant_1","Beer"
"sorghum_monocrop",2018-11-21,"sor",1823.59375,4.2646,0,0,0,14.4,181,226,278,5.4,2.16828,-1,13.68143,10.5347,13681.42773,1637.98242,1528.9928,0,0,"plant_1","2.5D"
"sorghum_monocrop",2018-11-22,"sor",1823.58691,4.27103,0,0,0,17.2,181,226,278,5.4,2.07805,-1,13.58688,10.4619,13586.88281,1658.07739,1642.14795,0,0,"plant_1","Beer"
"sorghum_monocrop",2018-11-22,"sor",1823.59375,4.2646,0,0,0,17.2,181,226,278,5.4,2.16828,-1,13.68143,10.5347,13681.42773,1637.98242,1528.9928,0,0,"plant_1","2.5D"
"sorghum_monocrop",2018-11-23,"sor",1823.58691,4.27103,0,0,0,17.4,181,226,278,5.4,2.07805,-1,13.58688,10.4619,13586.88281,1658.07739,1642.14795,0,0,"plant_1","Beer"
"sorghum_monocrop",2018-11-23,"sor",1823.59375,4.2646,0,0,0,17.4,181,226,278,5.4,2.16828,-1,13.68143,10.5347,13681.42773,1637.98242,1528.9928,0,0,"plant_1","2.5D"
"sorghum_monocrop",2018-11-24,"sor",1823.58691,4.27103,0,0,0,17.8,181,226,278,5.4,2.07805,-1,13.58688,10.4619,13586.88281,1658.07739,1642.14795,0,0,"plant_1","Beer"
"sorghum_monocrop",2018-11-24,"sor",1823.59375,4.2646,0,0,0,17.8,181,226,278,5.4,2.16828,-1,13.68143,10.5347,13681.42773,1637.98242,1528.9928,0,0,"plant_1","2.5D"
"sorghum_monocrop",2018-11-25,"sor",1823.58691,4.27103,0,0,0,17.7,181,226,278,5.4,2.07805,-1,13.58688,10.4619,13586.88281,1658.07739,1642.14795,0,0,"plant_1","Beer"
"sorghum_monocrop",2018-11-25,"sor",1823.59375,4.2646,0,0,0,17.7,181,226,278,5.4,2.16828,-1,13.68143,10.5347,13681.42773,1637.98242,1528.9928,0,0,"plant_1","2.5D"
"sorghum_monocrop",2018-11-26,"sor",1823.58691,4.27103,0,0,0,16.7,181,226,278,5.4,2.07805,-1,13.58688,10.4619,13586.88281,1658.07739,1642.14795,0,0,"plant_1","Beer"
"sorghum_monocrop",2018-11-26,"sor",1823.59375,4.2646,0,0,0,16.7,181,226,278,5.4,2.16828,-1,13.68143,10.5347,13681.42773,1637.98242,1528.9928,0,0,"plant_1","2.5D"
"sorghum_monocrop",2018-11-27,"sor",1823.58691,4.27103,0,0,0,16.6,181,226,278,5.4,2.07805,-1,13.58688,10.4619,13586.88281,1658.07739,1642.14795,0,0,"plant_1","Beer"
"sorghum_monocrop",2018-11-27,"sor",1823.59375,4.2646,0,0,0,16.6,181,226,278,5.4,2.16828,-1,13.68143,10.5347,13681.42773,1637.98242,1528.9928,0,0,"plant_1","2.5D"
"sorghum_monocrop",2018-11-28,"sor",1823.58691,4.27103,0,0,0,17.4,181,226,278,5.4,2.07805,-1,13.58688,10.4619,13586.88281,1658.07739,1642.14795,0,0,"plant_1","Beer"
"sorghum_monocrop",2018-11-28,"sor",1823.59375,4.2646,0,0,0,17.4,181,226,278,5.4,2.16828,-1,13.68143,10.5347,13681.42773,1637.98242,1528.9928,0,0,"plant_1","2.5D"
"sorghum_monocrop",2018-11-29,"sor",1823.58691,4.27103,0,0,0,16.9,181,226,278,5.4,2.07805,-1,13.58688,10.4619,13586.88281,1658.07739,1642.14795,0,0,"plant_1","Beer"
"sorghum_monocrop",2018-11-29,"sor",1823.59375,4.2646,0,0,0,16.9,181,226,278,5.4,2.16828,-1,13.68143,10.5347,13681.42773,1637.98242,1528.9928,0,0,"plant_1","2.5D"
"sorghum_monocrop",2018-11-30,"sor",1823.58691,4.27103,0,0,0,17.8,181,226,278,5.4,2.07805,-1,13.58688,10.4619,13586.88281,1658.07739,1642.14795,0,0,"plant_1","Beer"
"sorghum_monocrop",2018-11-30,"sor",1823.59375,4.2646,0,0,0,17.8,181,226,278,5.4,2.16828,-1,13.68143,10.5347,13681.42773,1637.98242,1528.9928,0,0,"plant_1","2.5D"
"sorghum_monocrop",2018-12-01,"sor",1823.58691,4.27103,0,0,0,15.1,181,226,278,5.4,2.07805,-1,13.58688,10.4619,13586.88281,1658.07739,1642.14795,0,0,"plant_1","Beer"
"sorghum_monocrop",2018-12-01,"sor",1823.59375,4.2646,0,0,0,15.1,181,226,278,5.4,2.16828,-1,13.68143,10.5347,13681.42773,1637.98242,1528.9928,0,0,"plant_1","2.5D"
"sorghum_monocrop",2018-12-02,"sor",1823.58691,4.27103,0,0,0,17.7,181,226,278,5.4,2.07805,-1,13.58688,10.4619,13586.88281,1658.07739,1642.14795,0,0,"plant_1","Beer"
"sorghum_monocrop",2018-12-02,"sor",1823.59375,4.2646,0,0,0,17.7,181,226,278,5.4,2.16828,-1,13.68143,10.5347,13681.42773,1637.98242,1528.9928,0,0,"plant_1","2.5D"
"sorghum_monocrop",2018-12-03,"sor",1823.58691,4.27103,0,0,0,18.1,181,226,278,5.4,2.07805,-1,13.58688,10.4619,13586.88281,1658.07739,1642.14795,0,0,"plant_1","Beer"
"sorghum_monocrop",2018-12-03,"sor",1823.59375,4.2646,0,0,0,18.1,181,226,278,5.4,2.16828,-1,13.68143,10.5347,13681.42773,1637.98242,1528.9928,0,0,"plant_1","2.5D"
"sorghum_monocrop",2018-12-04,"sor",1823.58691,4.27103,0,0,0,17.6,181,226,278,5.4,2.07805,-1,13.58688,10.4619,13586.88281,1658.07739,1642.14795,0,0,"plant_1","Beer"
"sorghum_monocrop",2018-12-04,"sor",1823.59375,4.2646,0,0,0,17.6,181,226,278,5.4,2.16828,-1,13.68143,10.5347,13681.42773,1637.98242,1528.9928,0,0,"plant_1","2.5D"
"sorghum_monocrop",2018-12-05,"sor",1823.58691,4.27103,0,0,0,16.9,181,226,278,5.4,2.07805,-1,13.58688,10.4619,13586.88281,1658.07739,1642.14795,0,0,"plant_1","Beer"
"sorghum_monocrop",2018-12-05,"sor",1823.59375,4.2646,0,0,0,16.9,181,226,278,5.4,2.16828,-1,13.68143,10.5347,13681.42773,1637.98242,1528.9928,0,0,"plant_1","2.5D"
"sorghum_monocrop",2018-12-06,"sor",1823.58691,4.27103,0,0,0,17.5,181,226,278,5.4,2.07805,-1,13.58688,10.4619,13586.88281,1658.07739,1642.14795,0,0,"plant_1","Beer"
"sorghum_monocrop",2018-12-06,"sor",1823.59375,4.2646,0,0,0,17.5,181,226,278,5.4,2.16828,-1,13.68143,10.5347,13681.42773,1637.98242,1528.9928,0,0,"plant_1","2.5D"
"sorghum_monocrop",2018-12-07,"sor",1823.58691,4.27103,0,0,0,17.2,181,226,278,5.4,2.07805,-1,13.58688,10.4619,13586.88281,1658.07739,1642.14795,0,0,"plant_1","Beer"
"sorghum_monocrop",2018-12-07,"sor",1823.59375,4.2646,0,0,0,17.2,181,226,278,5.4,2.16828,-1,13.68143,10.5347,13681.42773,1637.98242,1528.9928,0,0,"plant_1","2.5D"
"sorghum_monocrop",2018-12-08,"sor",1823.58691,4.27103,0,0,0,17.5,181,226,278,5.4,2.07805,-1,13.58688,10.4619,13586.88281,1658.07739,1642.14795,0,0,"plant_1","Beer"
"sorghum_monocrop",2018-12-08,"sor",1823.59375,4.2646,0,0,0,17.5,181,226,278,5.4,2.16828,-1,13.68143,10.5347,13681.42773,1637.98242,1528.9928,0,0,"plant_1","2.5D"
"sorghum_monocrop",2018-12-09,"sor",1823.58691,4.27103,0,0,0,17.5,181,226,278,5.4,2.07805,-1,13.58688,10.4619,13586.88281,1658.07739,1642.14795,0,0,"plant_1","Beer"
"sorghum_monocrop",2018-12-09,"sor",1823.59375,4.2646,0,0,0,17.5,181,226,278,5.4,2.16828,-1,13.68143,10.5347,13681.42773,1637.98242,1528.9928,0,0,"plant_1","2.5D"
"sorghum_monocrop",2018-12-10,"sor",1823.58691,4.27103,0,0,0,17.8,181,226,278,5.4,2.07805,-1,13.58688,10.4619,13586.88281,1658.07739,1642.14795,0,0,"plant_1","Beer"
"sorghum_monocrop",2018-12-10,"sor",1823.59375,4.2646,0,0,0,17.8,181,226,278,5.4,2.16828,-1,13.68143,10.5347,13681.42773,1637.98242,1528.9928,0,0,"plant_1","2.5D"
"sorghum_monocrop",2018-12-11,"sor",1823.58691,4.27103,0,0,0,17.4,181,226,278,5.4,2.07805,-1,13.58688,10.4619,13586.88281,1658.07739,1642.14795,0,0,"plant_1","Beer"
"sorghum_monocrop",2018-12-11,"sor",1823.59375,4.2646,0,0,0,17.4,181,226,278,5.4,2.16828,-1,13.68143,10.5347,13681.42773,1637.98242,1528.9928,0,0,"plant_1","2.5D"
"sorghum_monocrop",2018-12-12,"sor",1823.58691,4.27103,0,0,0,17,181,226,278,5.4,2.07805,-1,13.58688,10.4619,13586.88281,1658.07739,1642.14795,0,0,"plant_1","Beer"
"sorghum_monocrop",2018-12-12,"sor",1823.59375,4.2646,0,0,0,17,181,226,278,5.4,2.16828,-1,13.68143,10.5347,13681.42773,1637.98242,1528.9928,0,0,"plant_1","2.5D"
"sorghum_monocrop",2018-12-13,"sor",1823.58691,4.27103,0,0,0,16.9,181,226,278,5.4,2.07805,-1,13.58688,10.4619,13586.88281,1658.07739,1642.14795,0,0,"plant_1","Beer"
"sorghum_monocrop",2018-12-13,"sor",1823.59375,4.2646,0,0,0,16.9,181,226,278,5.4,2.16828,-1,13.68143,10.5347,13681.42773,1637.98242,1528.9928,0,0,"plant_1","2.5D"
"sorghum_monocrop",2018-12-14,"sor",1823.58691,4.27103,0,0,0,16.4,181,226,278,5.4,2.07805,-1,13.58688,10.4619,13586.88281,1658.07739,1642.14795,0,0,"plant_1","Beer"
"sorghum_monocrop",2018-12-14,"sor",1823.59375,4.2646,0,0,0,16.4,181,226,278,5.4,2.16828,-1,13.68143,10.5347,13681.42773,1637.98242,1528.9928,0,0,"plant_1","2.5D"
"sorghum_monocrop",2018-12-15,"sor",1823.58691,4.27103,0,0,0,16.7,181,226,278,5.4,2.07805,-1,13.58688,10.4619,13586.88281,1658.07739,1642.14795,0,0,"plant_1","Beer"
"sorghum_monocrop",2018-12-15,"sor",1823.59375,4.2646,0,0,0,16.7,181,226,278,5.4,2.16828,-1,13.68143,10.5347,13681.42773,1637.98242,1528.9928,0,0,"plant_1","2.5D"
"sorghum_monocrop",2018-12-16,"sor",1823.58691,4.27103,0,0,0,17.8,181,226,278,5.4,2.07805,-1,13.58688,10.4619,13586.88281,1658.07739,1642.14795,0,0,"plant_1","Beer"
"sorghum_monocrop",2018-12-16,"sor",1823.59375,4.2646,0,0,0,17.8,181,226,278,5.4,2.16828,-1,13.68143,10.5347,13681.42773,1637.98242,1528.9928,0,0,"plant_1","2.5D"
"sorghum_monocrop",2018-12-17,"sor",1823.58691,4.27103,0,0,0,17.3,181,226,278,5.4,2.07805,-1,13.58688,10.4619,13586.88281,1658.07739,1642.14795,0,0,"plant_1","Beer"
"sorghum_monocrop",2018-12-17,"sor",1823.59375,4.2646,0,0,0,17.3,181,226,278,5.4,2.16828,-1,13.68143,10.5347,13681.42773,1637.98242,1528.9928,0,0,"plant_1","2.5D"
"sorghum_monocrop",2018-12-18,"sor",1823.58691,4.27103,0,0,0,17,181,226,278,5.4,2.07805,-1,13.58688,10.4619,13586.88281,1658.07739,1642.14795,0,0,"plant_1","Beer"
"sorghum_monocrop",2018-12-18,"sor",1823.59375,4.2646,0,0,0,17,181,226,278,5.4,2.16828,-1,13.68143,10.5347,13681.42773,1637.98242,1528.9928,0,0,"plant_1","2.5D"
"sorghum_monocrop",2018-12-19,"sor",1823.58691,4.27103,0,0,0,16.5,181,226,278,5.4,2.07805,-1,13.58688,10.4619,13586.88281,1658.07739,1642.14795,0,0,"plant_1","Beer"
"sorghum_monocrop",2018-12-19,"sor",1823.59375,4.2646,0,0,0,16.5,181,226,278,5.4,2.16828,-1,13.68143,10.5347,13681.42773,1637.98242,1528.9928,0,0,"plant_1","2.5D"
"sorghum_monocrop",2018-12-20,"sor",1823.58691,4.27103,0,0,0,16.5,181,226,278,5.4,2.07805,-1,13.58688,10.4619,13586.88281,1658.07739,1642.14795,0,0,"plant_1","Beer"
"sorghum_monocrop",2018-12-20,"sor",1823.59375,4.2646,0,0,0,16.5,181,226,278,5.4,2.16828,-1,13.68143,10.5347,13681.42773,1637.98242,1528.9928,0,0,"plant_1","2.5D"
"sorghum_monocrop",2018-12-21,"sor",1823.58691,4.27103,0,0,0,17.1,181,226,278,5.4,2.07805,-1,13.58688,10.4619,13586.88281,1658.07739,1642.14795,0,0,"plant_1","Beer"
"sorghum_monocrop",2018-12-21,"sor",1823.59375,4.2646,0,0,0,17.1,181,226,278,5.4,2.16828,-1,13.68143,10.5347,13681.42773,1637.98242,1528.9928,0,0,"plant_1","2.5D"
"sorghum_monocrop",2018-12-22,"sor",1823.58691,4.27103,0,0,0,16.6,181,226,278,5.4,2.07805,-1,13.58688,10.4619,13586.88281,1658.07739,1642.14795,0,0,"plant_1","Beer"
"sorghum_monocrop",2018-12-22,"sor",1823.59375,4.2646,0,0,0,16.6,181,226,278,5.4,2.16828,-1,13.68143,10.5347,13681.42773,1637.98242,1528.9928,0,0,"plant_1","2.5D"
"sorghum_monocrop",2018-12-23,"sor",1823.58691,4.27103,0,0,0,17.1,181,226,278,5.4,2.07805,-1,13.58688,10.4619,13586.88281,1658.07739,1642.14795,0,0,"plant_1","Beer"
"sorghum_monocrop",2018-12-23,"sor",1823.59375,4.2646,0,0,0,17.1,181,226,278,5.4,2.16828,-1,13.68143,10.5347,13681.42773,1637.98242,1528.9928,0,0,"plant_1","2.5D"
"sorghum_monocrop",2018-12-24,"sor",1823.58691,4.27103,0,0,0,17.1,181,226,278,5.4,2.07805,-1,13.58688,10.4619,13586.88281,1658.07739,1642.14795,0,0,"plant_1","Beer"
"sorghum_monocrop",2018-12-24,"sor",1823.59375,4.2646,0,0,0,17.1,181,226,278,5.4,2.16828,-1,13.68143,10.5347,13681.42773,1637.98242,1528.9928,0,0,"plant_1","2.5D"
"sorghum_monocrop",2018-12-25,"sor",1823.58691,4.27103,0,0,0,15.9,181,226,278,5.4,2.07805,-1,13.58688,10.4619,13586.88281,1658.07739,1642.14795,0,0,"plant_1","Beer"
"sorghum_monocrop",2018-12-25,"sor",1823.59375,4.2646,0,0,0,15.9,181,226,278,5.4,2.16828,-1,13.68143,10.5347,13681.42773,1637.98242,1528.9928,0,0,"plant_1","2.5D"
"sorghum_monocrop",2018-12-26,"sor",1823.58691,4.27103,0,0,0,17,181,226,278,5.4,2.07805,-1,13.58688,10.4619,13586.88281,1658.07739,1642.14795,0,0,"plant_1","Beer"
"sorghum_monocrop",2018-12-26,"sor",1823.59375,4.2646,0,0,0,17,181,226,278,5.4,2.16828,-1,13.68143,10.5347,13681.42773,1637.98242,1528.9928,0,0,"plant_1","2.5D"
"sorghum_monocrop",2018-12-27,"sor",1823.58691,4.27103,0,0,0,16.4,181,226,278,5.4,2.07805,-1,13.58688,10.4619,13586.88281,1658.07739,1642.14795,0,0,"plant_1","Beer"
"sorghum_monocrop",2018-12-27,"sor",1823.59375,4.2646,0,0,0,16.4,181,226,278,5.4,2.16828,-1,13.68143,10.5347,13681.42773,1637.98242,1528.9928,0,0,"plant_1","2.5D"
"sorghum_monocrop",2018-12-28,"sor",1823.58691,4.27103,0,0,0,16.4,181,226,278,5.4,2.07805,-1,13.58688,10.4619,13586.88281,1658.07739,1642.14795,0,0,"plant_1","Beer"
"sorghum_monocrop",2018-12-28,"sor",1823.59375,4.2646,0,0,0,16.4,181,226,278,5.4,2.16828,-1,13.68143,10.5347,13681.42773,1637.98242,1528.9928,0,0,"plant_1","2.5D"
"sorghum_monocrop",2018-12-29,"sor",1823.58691,4.27103,0,0,0,15.2,181,226,278,5.4,2.07805,-1,13.58688,10.4619,13586.88281,1658.07739,1642.14795,0,0,"plant_1","Beer"
"sorghum_monocrop",2018-12-29,"sor",1823.59375,4.2646,0,0,0,15.2,181,226,278,5.4,2.16828,-1,13.68143,10.5347,13681.42773,1637.98242,1528.9928,0,0,"plant_1","2.5D"
"sorghum_monocrop",2018-12-30,"sor",1823.58691,4.27103,0,0,0,14.9,181,226,278,5.4,2.07805,-1,13.58688,10.4619,13586.88281,1658.07739,1642.14795,0,0,"plant_1","Beer"
"sorghum_monocrop",2018-12-30,"sor",1823.59375,4.2646,0,0,0,14.9,181,226,278,5.4,2.16828,-1,13.68143,10.5347,13681.42773,1637.98242,1528.9928,0,0,"plant_1","2.5D"
"sorghum_monocrop",2018-12-31,"sor",1823.58691,4.27103,0,0,0,15.2,181,226,278,5.4,2.07805,-1,13.58688,10.4619,13586.88281,1658.07739,1642.14795,0,0,"plant_1","Beer"
"sorghum_monocrop",2018-12-31,"sor",1823.59375,4.2646,0,0,0,15.2,181,226,278,5.4,2.16828,-1,13.68143,10.5347,13681.42773,1637.98242,1528.9928,0,0,"plant_1","2.5D"
